Date,Type,Link
2021-08-03 03:39:10,LIKE,https://www.linkedin.com/feed/update/urn%3Ali%3Aactivity%3A6825920745869320192
2021-07-02 21:57:29,LIKE,https://www.linkedin.com/feed/update/urn%3Ali%3Aactivity%3A6816486163252166656
2021-01-26 01:23:39,LIKE,https://www.linkedin.com/feed/update/urn%3Ali%3Aactivity%3A6756903285891837952
2021-01-11 21:13:59,LIKE,https://www.linkedin.com/feed/update/urn%3Ali%3Aactivity%3A6753407346094948353
2021-01-11 21:13:50,LIKE,https://www.linkedin.com/feed/update/urn%3Ali%3AugcPost%3A6754469804792397824
2021-01-11 21:13:44,LIKE,https://www.linkedin.com/feed/update/urn%3Ali%3Aactivity%3A6754449642148241408
2021-01-11 21:13:37,LIKE,https://www.linkedin.com/feed/update/urn%3Ali%3Aactivity%3A6752365334713421824
2021-01-11 21:13:27,LIKE,https://www.linkedin.com/feed/update/urn%3Ali%3Aactivity%3A6752657389469650944
2020-11-19 18:58:16,LIKE,https://www.linkedin.com/feed/update/urn%3Ali%3AugcPost%3A6732324134400880640
2020-10-18 03:38:01,LIKE,https://www.linkedin.com/feed/update/urn%3Ali%3Aactivity%3A6723104114957393920
2020-10-11 18:52:52,LIKE,https://www.linkedin.com/feed/update/urn%3Ali%3Aactivity%3A6719360410774073344
2020-10-09 16:12:42,LIKE,https://www.linkedin.com/feed/update/urn%3Ali%3Aactivity%3A6718857258341593088
2020-10-01 00:50:26,LIKE,https://www.linkedin.com/feed/update/urn%3Ali%3AugcPost%3A6715303862531604480
2020-09-24 01:35:03,LIKE,https://www.linkedin.com/feed/update/urn%3Ali%3Aactivity%3A6714526964478160896
2020-09-10 18:51:43,LIKE,https://www.linkedin.com/feed/update/urn%3Ali%3Aactivity%3A6705137644092854272
2020-02-27 00:01:20,LIKE,https://www.linkedin.com/feed/update/urn%3Ali%3Aactivity%3A6633072023302131713
2020-02-27 00:01:03,LIKE,https://www.linkedin.com/feed/update/urn%3Ali%3Aactivity%3A6638461141498556416
2019-09-15 16:37:36,LIKE,https://www.linkedin.com/feed/update/urn%3Ali%3Aactivity%3A6574525238414053376
2018-07-31 04:09:12,LIKE,https://www.linkedin.com/feed/update/urn%3Ali%3Aactivity%3A6429755202479497216
2018-05-31 01:25:24,LIKE,https://www.linkedin.com/feed/update/urn%3Ali%3Aactivity%3A6405803019006550016?commentUrn=urn%3Ali%3Acomment%3A%28activity%3A6405803019006550016%2C6407630922790813696%29
2018-04-20 19:15:11,LIKE,https://www.linkedin.com/feed/update/urn%3Ali%3Aactivity%3A6393104765148028928
2018-04-20 19:13:10,LIKE,https://www.linkedin.com/feed/update/urn%3Ali%3Aactivity%3A6393121267838386176
2018-04-20 19:13:07,LIKE,https://www.linkedin.com/feed/update/urn%3Ali%3Aactivity%3A6393124125811961856
2018-04-12 13:37:48,LIKE,https://www.linkedin.com/feed/update/urn%3Ali%3Aactivity%3A6389884503602659328
2018-01-26 03:56:44,LIKE,https://www.linkedin.com/feed/update/urn%3Ali%3Aactivity%3A6359752720718626816
2017-04-15 02:57:10,LIKE,https://www.linkedin.com/feed/update/urn%3Ali%3AgroupPost%3A3791363-6258819798122192896
2017-04-15 02:56:43,LIKE,https://www.linkedin.com/feed/update/urn%3Ali%3Aactivity%3A6258833636712415232
2017-02-26 00:28:02,LIKE,https://www.linkedin.com/feed/update/urn%3Ali%3Aactivity%3A6240534283568640000
2016-12-05 05:09:56,LIKE,https://www.linkedin.com/feed/update/urn%3Ali%3Aactivity%3A6209218878946447360
2016-12-05 05:09:54,LIKE,https://www.linkedin.com/feed/update/urn%3Ali%3Aactivity%3A6209219484750745600
2016-12-05 05:09:53,LIKE,https://www.linkedin.com/feed/update/urn%3Ali%3Aactivity%3A6209219771452391424
2016-12-05 05:09:51,LIKE,https://www.linkedin.com/feed/update/urn%3Ali%3Aactivity%3A6208843777142980608
2016-12-05 05:09:47,LIKE,https://www.linkedin.com/feed/update/urn%3Ali%3Aactivity%3A6209478677403615232
2016-12-05 05:09:41,LIKE,https://www.linkedin.com/feed/update/urn%3Ali%3Aactivity%3A6211388021816717314
2016-12-05 05:09:39,LIKE,https://www.linkedin.com/feed/update/urn%3Ali%3Aactivity%3A6210338223109992448
2016-12-05 05:09:37,LIKE,https://www.linkedin.com/feed/update/urn%3Ali%3Aactivity%3A6208843945116467201
2016-12-05 05:09:32,LIKE,https://www.linkedin.com/feed/update/urn%3Ali%3Aactivity%3A6210501348048330752
2016-10-26 05:05:44,LIKE,https://www.linkedin.com/feed/update/urn%3Ali%3Aactivity%3A6196867279049809920
2016-10-26 05:05:07,LIKE,https://www.linkedin.com/feed/update/urn%3Ali%3AgroupPost%3A3791363-6196749469342584835
2016-10-26 05:04:36,LIKE,https://www.linkedin.com/feed/update/urn%3Ali%3Aactivity%3A6196828782947487744
2016-10-26 05:04:21,LIKE,https://www.linkedin.com/feed/update/urn%3Ali%3Aactivity%3A6196854839817809920
2016-10-26 05:04:04,LIKE,https://www.linkedin.com/feed/update/urn%3Ali%3Aactivity%3A6196885429401284608
2016-10-26 05:03:58,LIKE,https://www.linkedin.com/feed/update/urn%3Ali%3Aactivity%3A6190277433892036608
2016-10-26 05:03:49,LIKE,https://www.linkedin.com/feed/update/urn%3Ali%3Aarticle%3A8399134770625254847
2016-10-26 05:03:40,LIKE,https://www.linkedin.com/feed/update/urn%3Ali%3Aactivity%3A6196892971305046016
2016-10-26 05:03:35,LIKE,https://www.linkedin.com/feed/update/urn%3Ali%3Aactivity%3A6196376367664291840
2016-10-11 17:28:20,LIKE,https://www.linkedin.com/feed/update/urn%3Ali%3Aactivity%3A6185069249657077760
2016-10-11 15:38:35,LIKE,https://www.linkedin.com/feed/update/urn%3Ali%3AgroupPost%3A62352-6190552475448209411
2016-10-08 09:16:40,LIKE,https://www.linkedin.com/feed/update/urn%3Ali%3AgroupPost%3A66325-6189524160423669760
2016-10-08 09:16:27,LIKE,https://www.linkedin.com/feed/update/urn%3Ali%3Aarticle%3A8845926374282098632
2016-10-08 09:16:18,LIKE,https://www.linkedin.com/feed/update/urn%3Ali%3Aarticle%3A9194162641472140945
2016-10-08 09:16:09,LIKE,https://www.linkedin.com/feed/update/urn%3Ali%3Aactivity%3A6187333090537390080
2016-09-14 15:55:08,LIKE,https://www.linkedin.com/feed/update/urn%3Ali%3Aactivity%3A6181478534033260547
2016-09-08 20:54:28,LIKE,https://www.linkedin.com/feed/update/urn%3Ali%3Aactivity%3A6176738299072249856
2016-09-08 20:54:18,LIKE,https://www.linkedin.com/feed/update/urn%3Ali%3Aactivity%3A6177109483777454081
2016-09-08 20:54:12,LIKE,https://www.linkedin.com/feed/update/urn%3Ali%3Aactivity%3A6177330541671505920
2016-09-08 20:54:10,LIKE,https://www.linkedin.com/feed/update/urn%3Ali%3Aactivity%3A6178552271983374336
2016-09-08 20:53:54,LIKE,https://www.linkedin.com/feed/update/urn%3Ali%3Aactivity%3A6178914608774946817
2016-09-08 20:53:50,LIKE,https://www.linkedin.com/feed/update/urn%3Ali%3Aactivity%3A6179272955659317249
2016-09-08 20:53:48,LIKE,https://www.linkedin.com/feed/update/urn%3Ali%3Aactivity%3A6179274619539718144
2016-08-23 22:26:25,LIKE,https://www.linkedin.com/feed/update/urn%3Ali%3Aarticle%3A8872680831856925730
2016-08-05 16:05:10,LIKE,https://www.linkedin.com/feed/update/urn%3Ali%3Aactivity%3A6166788180973543425
2016-08-05 16:04:41,LIKE,https://www.linkedin.com/feed/update/urn%3Ali%3Aactivity%3A6166784675000971265
2016-07-17 18:42:42,LIKE,https://www.linkedin.com/feed/update/urn%3Ali%3Aactivity%3A6153205174195216384
2016-06-12 14:54:32,LIKE,https://www.linkedin.com/feed/update/urn%3Ali%3Aarticle%3A7497750474314219700
2016-06-12 14:54:11,LIKE,https://www.linkedin.com/feed/update/urn%3Ali%3Aarticle%3A7849577866789441822
2016-06-12 14:54:04,LIKE,https://www.linkedin.com/feed/update/urn%3Ali%3Aactivity%3A6146185639126720512
2016-06-12 14:53:56,LIKE,https://www.linkedin.com/feed/update/urn%3Ali%3Aactivity%3A6147771339089469440
2016-06-12 14:53:47,LIKE,https://www.linkedin.com/feed/update/urn%3Ali%3Aactivity%3A6141063752436498434
2016-06-07 23:15:43,LIKE,https://www.linkedin.com/feed/update/urn%3Ali%3Aactivity%3A6145699680987725824
2016-06-07 23:14:48,LIKE,https://www.linkedin.com/feed/update/urn%3Ali%3Aactivity%3A6145571838635307008
2016-06-07 23:14:45,LIKE,https://www.linkedin.com/feed/update/urn%3Ali%3Aactivity%3A6145570809244053505
2016-06-07 23:14:39,LIKE,https://www.linkedin.com/feed/update/urn%3Ali%3Aactivity%3A6145571524876201985
2016-06-07 23:14:38,LIKE,https://www.linkedin.com/feed/update/urn%3Ali%3Aactivity%3A6145571316310249472
2016-06-07 23:14:35,LIKE,https://www.linkedin.com/feed/update/urn%3Ali%3Aactivity%3A6145938439192748032
2016-06-07 23:14:30,LIKE,https://www.linkedin.com/feed/update/urn%3Ali%3Aactivity%3A6145573282050510848
2016-06-07 23:14:28,LIKE,https://www.linkedin.com/feed/update/urn%3Ali%3Aactivity%3A6145936169575161856
2016-06-07 23:14:22,LIKE,https://www.linkedin.com/feed/update/urn%3Ali%3Aactivity%3A6145571998769651712
2016-06-04 06:15:34,LIKE,https://www.linkedin.com/feed/update/urn%3Ali%3Aactivity%3A6140864893089259520
2016-06-04 06:15:26,LIKE,https://www.linkedin.com/feed/update/urn%3Ali%3Aactivity%3A6141225672833536000
2016-06-04 06:15:23,LIKE,https://www.linkedin.com/feed/update/urn%3Ali%3Aactivity%3A6141589662608691200
2016-06-04 06:15:21,LIKE,https://www.linkedin.com/feed/update/urn%3Ali%3Aactivity%3A6141702169256087552
2016-06-04 06:15:19,LIKE,https://www.linkedin.com/feed/update/urn%3Ali%3Aactivity%3A6141388971600601091
2016-06-04 06:15:17,LIKE,https://www.linkedin.com/feed/update/urn%3Ali%3Aactivity%3A6144121634086219776
2016-06-04 06:15:11,LIKE,https://www.linkedin.com/feed/update/urn%3Ali%3Aactivity%3A6143036052358598656
2016-06-04 06:15:05,LIKE,https://www.linkedin.com/feed/update/urn%3Ali%3Aactivity%3A6144123791111909376
2016-06-04 06:15:03,LIKE,https://www.linkedin.com/feed/update/urn%3Ali%3Aactivity%3A6143033543883784192
2016-06-02 05:50:22,LIKE,https://www.linkedin.com/feed/update/urn%3Ali%3Aactivity%3A6143035977494462464
2016-06-02 05:50:20,LIKE,https://www.linkedin.com/feed/update/urn%3Ali%3Aactivity%3A6143033612410318848
2016-06-02 05:50:15,LIKE,https://www.linkedin.com/feed/update/urn%3Ali%3Aactivity%3A6142041441293127680
2016-06-02 05:50:11,LIKE,https://www.linkedin.com/feed/update/urn%3Ali%3Aactivity%3A6143396826964852736
2016-06-02 05:50:09,LIKE,https://www.linkedin.com/feed/update/urn%3Ali%3Aactivity%3A6143396675181375488
2016-06-02 05:50:02,LIKE,https://www.linkedin.com/feed/update/urn%3Ali%3Aactivity%3A6143759699234816000
2016-06-02 05:49:59,LIKE,https://www.linkedin.com/feed/update/urn%3Ali%3Aactivity%3A6143788952072527872
2016-04-21 19:50:19,LIKE,https://www.linkedin.com/feed/update/urn%3Ali%3Aarticle%3A8451249851766945501
2016-04-21 19:50:04,LIKE,https://www.linkedin.com/feed/update/urn%3Ali%3Aarticle%3A7812931443288266745
2016-04-12 14:16:59,LIKE,https://www.linkedin.com/feed/update/urn%3Ali%3Aactivity%3A6125516653611466752
2016-04-09 02:41:06,LIKE,https://www.linkedin.com/feed/update/urn%3Ali%3Aactivity%3A6085095079842689024
2016-04-07 17:57:24,LIKE,https://www.linkedin.com/feed/update/urn%3Ali%3Aactivity%3A6123817798113206272
2016-03-17 01:12:50,LIKE,https://www.linkedin.com/feed/update/urn%3Ali%3Aactivity%3A6115490396781965312
2016-03-06 21:03:58,LIKE,https://www.linkedin.com/feed/update/urn%3Ali%3Aarticle%3A7864694935425105670
2016-03-06 21:03:43,LIKE,https://www.linkedin.com/feed/update/urn%3Ali%3Aactivity%3A6112136095594532864
2016-03-06 21:03:37,LIKE,https://www.linkedin.com/feed/update/urn%3Ali%3Aactivity%3A6112233120524750848
2016-02-29 15:41:52,LIKE,https://www.linkedin.com/feed/update/urn%3Ali%3Aarticle%3A8862865968487676402
2016-02-29 15:41:12,LIKE,https://www.linkedin.com/feed/update/urn%3Ali%3Aactivity%3A6110085948563865600
2016-02-29 15:40:19,LIKE,https://www.linkedin.com/feed/update/urn%3Ali%3Aarticle%3A7003953037792840057
2016-02-29 15:38:42,LIKE,https://www.linkedin.com/feed/update/urn%3Ali%3Aactivity%3A6110087318557728768
2016-02-29 15:38:23,LIKE,https://www.linkedin.com/feed/update/urn%3Ali%3Aarticle%3A9170060571757735295
2016-02-29 15:37:48,LIKE,https://www.linkedin.com/feed/update/urn%3Ali%3Aactivity%3A6110089264408645632
2016-02-29 15:37:35,LIKE,https://www.linkedin.com/feed/update/urn%3Ali%3Aarticle%3A8808177001526404049
2016-02-29 15:34:57,LIKE,https://www.linkedin.com/feed/update/urn%3Ali%3Aactivity%3A6110010967733657600
2016-02-10 15:42:29,LIKE,https://www.linkedin.com/feed/update/urn%3Ali%3Aarticle%3A9006735783067618004
2016-02-10 15:42:21,LIKE,https://www.linkedin.com/feed/update/urn%3Ali%3AgroupPost%3A62352-6102176424645378051
2016-02-10 15:40:57,LIKE,https://www.linkedin.com/feed/update/urn%3Ali%3Aactivity%3A6101732881858646016
2016-02-10 15:40:42,LIKE,https://www.linkedin.com/feed/update/urn%3Ali%3Aactivity%3A6103180162117951488
2016-02-10 15:40:12,LIKE,https://www.linkedin.com/feed/update/urn%3Ali%3Aarticle%3A8275070177393374040
2016-02-10 15:40:07,LIKE,https://www.linkedin.com/feed/update/urn%3Ali%3Aarticle%3A8569169830113012876
2016-02-10 15:39:47,LIKE,https://www.linkedin.com/feed/update/urn%3Ali%3Aactivity%3A6102979863507988480
2016-02-10 15:39:38,LIKE,https://www.linkedin.com/feed/update/urn%3Ali%3Aactivity%3A6103208338588200960
2016-02-10 15:39:32,LIKE,https://www.linkedin.com/feed/update/urn%3Ali%3Aarticle%3A7456757035093852854
2016-02-10 15:39:21,LIKE,https://www.linkedin.com/feed/update/urn%3Ali%3Aactivity%3A6103208225052594176
2016-02-10 15:39:15,LIKE,https://www.linkedin.com/feed/update/urn%3Ali%3Aactivity%3A6103201533376163840
2016-02-10 02:29:03,LIKE,https://www.linkedin.com/feed/update/urn%3Ali%3Aactivity%3A6098551047775625216
2016-02-09 14:25:34,LIKE,https://www.linkedin.com/feed/update/urn%3Ali%3Aactivity%3A6083693393949503488
2016-02-09 14:25:30,LIKE,https://www.linkedin.com/feed/update/urn%3Ali%3Aactivity%3A6101917829781532672
2016-02-06 00:44:21,LIKE,https://www.linkedin.com/feed/update/urn%3Ali%3Aactivity%3A6101128389060489216
2016-02-06 00:43:53,LIKE,https://www.linkedin.com/feed/update/urn%3Ali%3Aactivity%3A6101449142947635201
2016-02-03 19:21:23,LIKE,https://www.linkedin.com/feed/update/urn%3Ali%3Aactivity%3A6099004824240603137
2016-02-03 19:20:22,LIKE,https://www.linkedin.com/feed/update/urn%3Ali%3Aactivity%3A6098929563595796481
2016-02-03 19:20:19,LIKE,https://www.linkedin.com/feed/update/urn%3Ali%3Aactivity%3A6098854996412026880
2016-02-03 19:20:14,LIKE,https://www.linkedin.com/feed/update/urn%3Ali%3Aactivity%3A6099608198472294400
2016-01-30 03:26:57,LIKE,https://www.linkedin.com/feed/update/urn%3Ali%3Aactivity%3A6099005652510789632
2016-01-29 01:22:50,LIKE,https://www.linkedin.com/feed/update/urn%3Ali%3Aactivity%3A6080411763789094912
2016-01-29 01:22:18,LIKE,https://www.linkedin.com/feed/update/urn%3Ali%3Aactivity%3A6098619212442398720
2016-01-28 21:19:32,LIKE,https://www.linkedin.com/feed/update/urn%3Ali%3Aarticle%3A7742186504465571862
2016-01-28 21:19:24,LIKE,https://www.linkedin.com/feed/update/urn%3Ali%3Aactivity%3A6098573088721551360
2016-01-28 21:19:20,LIKE,https://www.linkedin.com/feed/update/urn%3Ali%3Aactivity%3A6098583890409119744
2016-01-28 21:19:17,LIKE,https://www.linkedin.com/feed/update/urn%3Ali%3Aactivity%3A6088039364623953921
2016-01-28 21:19:11,LIKE,https://www.linkedin.com/feed/update/urn%3Ali%3Aarticle%3A9061102247706231260
2016-01-23 05:40:06,LIKE,https://www.linkedin.com/feed/update/urn%3Ali%3Aactivity%3A6096514922282303488
2016-01-23 05:38:00,LIKE,https://www.linkedin.com/feed/update/urn%3Ali%3Aactivity%3A6096516538980982785
2016-01-22 21:36:18,LIKE,https://www.linkedin.com/feed/update/urn%3Ali%3AgroupPost%3A46324-6029044317677436930
2016-01-22 21:36:01,LIKE,https://www.linkedin.com/feed/update/urn%3Ali%3Acomment%3A%28groupPost%3A46324-6046283047387566084%2C6079073304298156032%29
2016-01-05 15:33:33,LIKE,https://www.linkedin.com/feed/update/urn%3Ali%3Aactivity%3A6089822910048976896
2016-01-02 17:58:46,LIKE,https://www.linkedin.com/feed/update/urn%3Ali%3Aarticle%3A7423989704972681607
2015-12-16 23:42:53,LIKE,https://www.linkedin.com/feed/update/urn%3Ali%3Aarticle%3A7048073238504634900
2015-12-16 23:42:46,LIKE,https://www.linkedin.com/feed/update/urn%3Ali%3Aactivity%3A6083035263133564928
2015-12-16 23:42:18,LIKE,https://www.linkedin.com/feed/update/urn%3Ali%3Aactivity%3A6082953323110023168
2015-12-16 23:41:49,LIKE,https://www.linkedin.com/feed/update/urn%3Ali%3Aactivity%3A6082997356784017408
2015-12-11 14:16:44,LIKE,https://www.linkedin.com/feed/update/urn%3Ali%3AgroupPost%3A79825-6071862699686457348
2015-12-07 01:10:34,LIKE,https://www.linkedin.com/feed/update/urn%3Ali%3AgroupPost%3A79825-6067775937229914115
2015-12-01 15:25:54,LIKE,https://www.linkedin.com/feed/update/urn%3Ali%3Aarticle%3A7046106346047461647
2015-11-26 07:56:58,LIKE,https://www.linkedin.com/feed/update/urn%3Ali%3Aactivity%3A6074520843466137600
2015-11-26 07:56:55,LIKE,https://www.linkedin.com/feed/update/urn%3Ali%3Aactivity%3A6075279002380038144
2015-11-17 03:27:49,LIKE,https://www.linkedin.com/feed/update/urn%3Ali%3Aactivity%3A6072204722272559104
2015-11-16 03:56:21,LIKE,https://www.linkedin.com/feed/update/urn%3Ali%3AgroupPost%3A46324-6044237920330616832
2015-11-13 21:19:03,LIKE,https://www.linkedin.com/feed/update/urn%3Ali%3AgroupPost%3A79825-6046386646646087680
2015-11-13 21:11:19,LIKE,https://www.linkedin.com/feed/update/urn%3Ali%3Aactivity%3A6070071726174142464
2015-11-13 21:10:55,LIKE,https://www.linkedin.com/feed/update/urn%3Ali%3Aactivity%3A6070116170034348032
2015-11-10 14:19:46,LIKE,https://www.linkedin.com/feed/update/urn%3Ali%3Aactivity%3A6069839629056499712
2015-10-08 00:39:22,LIKE,https://www.linkedin.com/feed/update/urn%3Ali%3Aactivity%3A6032650019276873728
2015-10-08 00:39:01,LIKE,https://www.linkedin.com/feed/update/urn%3Ali%3Aactivity%3A6045602583312113664
2015-10-07 03:43:53,LIKE,https://www.linkedin.com/feed/update/urn%3Ali%3Aactivity%3A6056782725073903616
2015-10-07 03:43:51,LIKE,https://www.linkedin.com/feed/update/urn%3Ali%3Aactivity%3A6057143291864973312
2015-10-07 03:43:50,LIKE,https://www.linkedin.com/feed/update/urn%3Ali%3Aactivity%3A6057143477412597760
2015-10-07 03:43:46,LIKE,https://www.linkedin.com/feed/update/urn%3Ali%3Aactivity%3A6057246298698960896
2015-10-07 03:43:44,LIKE,https://www.linkedin.com/feed/update/urn%3Ali%3Aactivity%3A6057143545276440576
2015-08-16 23:05:00,LIKE,https://www.linkedin.com/feed/update/urn%3Ali%3Aactivity%3A6038387786464112640
2015-08-16 03:17:38,LIKE,https://www.linkedin.com/feed/update/urn%3Ali%3Acomment%3A%28groupPost%3A79825-6028561594705854464%2C6038319973326139392%29
2015-08-09 06:57:45,LIKE,https://www.linkedin.com/feed/update/urn%3Ali%3Aactivity%3A6034386994988142592
2015-08-08 03:45:46,LIKE,https://www.linkedin.com/feed/update/urn%3Ali%3Aactivity%3A6035414748122615809
2015-08-07 20:11:42,LIKE,https://www.linkedin.com/feed/update/urn%3Ali%3Aactivity%3A6035481533559631872
2015-07-27 02:55:28,LIKE,https://www.linkedin.com/feed/update/urn%3Ali%3Aactivity%3A6030910251212038144
2015-07-25 01:19:53,LIKE,https://www.linkedin.com/feed/update/urn%3Ali%3AgroupPost%3A79825-6014767655293059072
2015-07-23 02:44:34,LIKE,https://www.linkedin.com/feed/update/urn%3Ali%3Aactivity%3A6028162222012780544
2015-07-19 15:55:26,LIKE,https://www.linkedin.com/feed/update/urn%3Ali%3Aactivity%3A6028168625603571712
2015-07-19 15:54:10,LIKE,https://www.linkedin.com/feed/update/urn%3Ali%3Aactivity%3A6028477424801497088
2015-07-02 04:11:17,LIKE,https://www.linkedin.com/feed/update/urn%3Ali%3Aactivity%3A6010930161158025216
2015-05-28 06:11:58,LIKE,https://www.linkedin.com/feed/update/urn%3Ali%3Aactivity%3A6008657871590420480
2015-05-28 06:11:56,LIKE,https://www.linkedin.com/feed/update/urn%3Ali%3Aactivity%3A6008657792435515392
2015-05-28 06:11:54,LIKE,https://www.linkedin.com/feed/update/urn%3Ali%3Aactivity%3A6008658494125797377
2015-05-28 06:11:52,LIKE,https://www.linkedin.com/feed/update/urn%3Ali%3Aactivity%3A6009017167687753729
2015-05-28 06:11:48,LIKE,https://www.linkedin.com/feed/update/urn%3Ali%3Aactivity%3A6007567472352309248
2015-05-28 06:11:46,LIKE,https://www.linkedin.com/feed/update/urn%3Ali%3Aactivity%3A6009017424664367104
2015-05-28 06:11:44,LIKE,https://www.linkedin.com/feed/update/urn%3Ali%3Aactivity%3A6009017766445613062
2015-05-28 06:11:36,LIKE,https://www.linkedin.com/feed/update/urn%3Ali%3Aactivity%3A6008989884658835456
2015-05-22 03:44:05,LIKE,https://www.linkedin.com/feed/update/urn%3Ali%3Aactivity%3A6007208694633238528
2015-05-22 03:44:03,LIKE,https://www.linkedin.com/feed/update/urn%3Ali%3Aactivity%3A6007286160282378240
2015-05-22 03:43:16,LIKE,https://www.linkedin.com/feed/update/urn%3Ali%3Aactivity%3A6007210727188746240
2015-05-22 03:43:02,LIKE,https://www.linkedin.com/feed/update/urn%3Ali%3Aactivity%3A6006805454196322304
2015-05-20 17:06:23,LIKE,https://www.linkedin.com/feed/update/urn%3Ali%3AgroupPost%3A79825-6006836202081185795
2015-05-20 15:50:05,LIKE,https://www.linkedin.com/feed/update/urn%3Ali%3Aactivity%3A6006482100860002304
2015-05-20 15:50:02,LIKE,https://www.linkedin.com/feed/update/urn%3Ali%3Aactivity%3A6006483183602802691
2015-05-20 15:50:00,LIKE,https://www.linkedin.com/feed/update/urn%3Ali%3Aactivity%3A6006482374710300673
2015-05-20 15:49:56,LIKE,https://www.linkedin.com/feed/update/urn%3Ali%3Aactivity%3A6006481661838008322
2015-05-19 03:40:44,LIKE,https://www.linkedin.com/feed/update/urn%3Ali%3Aactivity%3A6006138695181180938
2015-05-18 02:06:41,LIKE,https://www.linkedin.com/feed/update/urn%3Ali%3Aactivity%3A6001049235846369280
2015-05-18 02:06:37,LIKE,https://www.linkedin.com/feed/update/urn%3Ali%3Aactivity%3A6001770547262812160
2015-05-18 02:06:32,LIKE,https://www.linkedin.com/feed/update/urn%3Ali%3Aactivity%3A6001048684077285376
2015-05-18 02:06:20,LIKE,https://www.linkedin.com/feed/update/urn%3Ali%3Aactivity%3A6005493009020444672
2015-05-14 05:43:04,LIKE,https://www.linkedin.com/feed/update/urn%3Ali%3Aactivity%3A6004289804026601472
2015-05-14 05:38:47,LIKE,https://www.linkedin.com/feed/update/urn%3Ali%3Aactivity%3A6003977469013606400
2015-05-14 03:09:55,LIKE,https://www.linkedin.com/feed/update/urn%3Ali%3Aactivity%3A6001866928660959232
2015-05-14 03:09:54,LIKE,https://www.linkedin.com/feed/update/urn%3Ali%3Aactivity%3A6001410081986486273
2015-05-14 03:09:37,LIKE,https://www.linkedin.com/feed/update/urn%3Ali%3Aactivity%3A6003948924971286528
2015-05-14 03:09:34,LIKE,https://www.linkedin.com/feed/update/urn%3Ali%3Aactivity%3A6002131847423758336
2015-05-14 03:09:31,LIKE,https://www.linkedin.com/feed/update/urn%3Ali%3Aactivity%3A6001972462126907392
2015-05-14 03:09:27,LIKE,https://www.linkedin.com/feed/update/urn%3Ali%3Aactivity%3A6003947372005068801
2015-05-13 20:11:14,LIKE,https://www.linkedin.com/feed/update/urn%3Ali%3Aarticle%3A8127877867024118750
2015-05-13 17:21:56,LIKE,https://www.linkedin.com/feed/update/urn%3Ali%3AgroupPost%3A46324-6001528240055873538
2015-05-09 16:24:33,LIKE,https://www.linkedin.com/feed/update/urn%3Ali%3Aactivity%3A6001389987294105601
2015-05-08 22:55:57,LIKE,https://www.linkedin.com/feed/update/urn%3Ali%3Aactivity%3A6002459941208612864
2015-05-05 21:40:14,LIKE,https://www.linkedin.com/feed/update/urn%3Ali%3AgroupPost%3A79825-6001088203140902916
2015-04-29 17:18:11,LIKE,https://www.linkedin.com/feed/update/urn%3Ali%3Aactivity%3A5994538957776379904
2015-04-29 17:18:09,LIKE,https://www.linkedin.com/feed/update/urn%3Ali%3Aactivity%3A5998948839770324992
2015-04-29 17:18:08,LIKE,https://www.linkedin.com/feed/update/urn%3Ali%3Aactivity%3A5994353097265131521
2015-04-29 17:17:59,LIKE,https://www.linkedin.com/feed/update/urn%3Ali%3Aactivity%3A5998691150465089536
2015-04-29 17:17:55,LIKE,https://www.linkedin.com/feed/update/urn%3Ali%3Aactivity%3A5998855840000389120
2015-04-29 15:57:53,LIKE,https://www.linkedin.com/feed/update/urn%3Ali%3AgroupPost%3A79825-80179359
2015-04-28 04:37:30,LIKE,https://www.linkedin.com/feed/update/urn%3Ali%3Aactivity%3A5994160188624506880
2015-04-28 04:37:23,LIKE,https://www.linkedin.com/feed/update/urn%3Ali%3Aactivity%3A5994525250941915136
2015-04-28 04:37:20,LIKE,https://www.linkedin.com/feed/update/urn%3Ali%3Aactivity%3A5997361084057542656
2015-04-28 04:37:18,LIKE,https://www.linkedin.com/feed/update/urn%3Ali%3Aactivity%3A5996534823294885888
2015-04-28 04:37:16,LIKE,https://www.linkedin.com/feed/update/urn%3Ali%3Aactivity%3A5997164042358185984
2015-04-28 04:37:15,LIKE,https://www.linkedin.com/feed/update/urn%3Ali%3Aactivity%3A5996763825452441600
2015-04-28 04:37:13,LIKE,https://www.linkedin.com/feed/update/urn%3Ali%3Aactivity%3A5997428653556772864
2015-04-28 04:37:10,LIKE,https://www.linkedin.com/feed/update/urn%3Ali%3Aactivity%3A5998486967162003456
2015-04-28 04:37:08,LIKE,https://www.linkedin.com/feed/update/urn%3Ali%3Aactivity%3A5998557344064098304
2015-04-28 04:37:05,LIKE,https://www.linkedin.com/feed/update/urn%3Ali%3Aactivity%3A5996708736083709952
2015-04-28 04:37:02,LIKE,https://www.linkedin.com/feed/update/urn%3Ali%3Aactivity%3A5998644665983791104
2015-04-27 19:05:52,LIKE,https://www.linkedin.com/feed/update/urn%3Ali%3Aactivity%3A5998490636414631936
2015-04-22 16:20:45,LIKE,https://www.linkedin.com/feed/update/urn%3Ali%3Aactivity%3A5994236671699206144
2015-04-22 16:20:39,LIKE,https://www.linkedin.com/feed/update/urn%3Ali%3Aactivity%3A5996362181522841600
2015-04-22 16:20:37,LIKE,https://www.linkedin.com/feed/update/urn%3Ali%3Aactivity%3A5994610847215874048
2015-04-22 16:20:36,LIKE,https://www.linkedin.com/feed/update/urn%3Ali%3Aactivity%3A5996336247843360770
2015-04-22 16:20:34,LIKE,https://www.linkedin.com/feed/update/urn%3Ali%3Aactivity%3A5995199582311559168
2015-04-22 16:20:33,LIKE,https://www.linkedin.com/feed/update/urn%3Ali%3Aactivity%3A5995977289270063104
2015-04-22 16:20:29,LIKE,https://www.linkedin.com/feed/update/urn%3Ali%3Aactivity%3A5996336395239583752
2015-04-22 16:20:28,LIKE,https://www.linkedin.com/feed/update/urn%3Ali%3Aactivity%3A5995971570206519296
2015-04-22 16:20:26,LIKE,https://www.linkedin.com/feed/update/urn%3Ali%3Aactivity%3A5996611516336451584
2015-04-22 16:20:24,LIKE,https://www.linkedin.com/feed/update/urn%3Ali%3Aactivity%3A5996414038198804480
2015-04-21 18:56:32,LIKE,https://www.linkedin.com/feed/update/urn%3Ali%3Aactivity%3A5995895404762320896
2015-04-19 23:04:41,LIKE,https://www.linkedin.com/feed/update/urn%3Ali%3Aactivity%3A5988479546872057856
2015-04-19 23:04:02,LIKE,https://www.linkedin.com/feed/update/urn%3Ali%3Aactivity%3A5994629202807115776
2015-04-19 23:03:57,LIKE,https://www.linkedin.com/feed/update/urn%3Ali%3Aactivity%3A5994899617584529408
2015-04-19 23:03:54,LIKE,https://www.linkedin.com/feed/update/urn%3Ali%3Aarticle%3A7031978063156694336
2015-04-19 23:03:49,LIKE,https://www.linkedin.com/feed/update/urn%3Ali%3Aactivity%3A5994911107406376960
2015-04-19 23:03:44,LIKE,https://www.linkedin.com/feed/update/urn%3Ali%3Aactivity%3A5993838990208360448
2015-04-19 23:03:43,LIKE,https://www.linkedin.com/feed/update/urn%3Ali%3Aactivity%3A5995601285510942721
2015-04-19 23:03:40,LIKE,https://www.linkedin.com/feed/update/urn%3Ali%3Aactivity%3A5995364395511795712
2015-04-19 23:02:46,LIKE,https://www.linkedin.com/feed/update/urn%3Ali%3Aactivity%3A5994865021962719232
2015-04-19 23:02:42,LIKE,https://www.linkedin.com/feed/update/urn%3Ali%3Aactivity%3A5993448523478167552
2015-04-19 23:02:14,LIKE,https://www.linkedin.com/feed/update/urn%3Ali%3Aarticle%3A8347750586487663179
2015-04-19 23:02:01,LIKE,https://www.linkedin.com/feed/update/urn%3Ali%3Aactivity%3A5995647629860548608
2015-04-19 23:01:58,LIKE,https://www.linkedin.com/feed/update/urn%3Ali%3Aactivity%3A5995619143963914240
2015-04-16 19:41:09,LIKE,https://www.linkedin.com/feed/update/urn%3Ali%3Aactivity%3A5994522702197579776
2015-04-16 19:40:32,LIKE,https://www.linkedin.com/feed/update/urn%3Ali%3Aactivity%3A5994551017746739200
2015-04-15 22:41:58,LIKE,https://www.linkedin.com/feed/update/urn%3Ali%3Aactivity%3A5993454382073536512
2015-04-12 22:33:31,LIKE,https://www.linkedin.com/feed/update/urn%3Ali%3Aactivity%3A5993061786184667136
2015-04-11 01:04:08,LIKE,https://www.linkedin.com/feed/update/urn%3Ali%3Aactivity%3A5991600585671999488
2015-04-11 01:04:04,LIKE,https://www.linkedin.com/feed/update/urn%3Ali%3Aactivity%3A5991980288102649856
2015-04-10 14:23:55,LIKE,https://www.linkedin.com/feed/update/urn%3Ali%3Aarticle%3A8720512109217684487
2015-04-10 14:23:40,LIKE,https://www.linkedin.com/feed/update/urn%3Ali%3Aactivity%3A5992168858390183936
2015-04-09 04:46:20,LIKE,https://www.linkedin.com/feed/update/urn%3Ali%3AgroupPost%3A46324-5960205598631931906
2015-04-09 04:44:11,LIKE,https://www.linkedin.com/feed/update/urn%3Ali%3AgroupPost%3A46324-5798956745866883076
2015-04-09 04:42:49,LIKE,https://www.linkedin.com/feed/update/urn%3Ali%3AgroupPost%3A46324-5900296549031751681
2015-04-09 04:42:25,LIKE,https://www.linkedin.com/feed/update/urn%3Ali%3AgroupPost%3A46324-5902828993672916994
2015-04-09 04:36:06,LIKE,https://www.linkedin.com/feed/update/urn%3Ali%3AgroupPost%3A46324-234493710
2015-04-09 03:38:10,LIKE,https://www.linkedin.com/feed/update/urn%3Ali%3AgroupPost%3A46324-5990979841212583937
2015-04-09 01:20:54,LIKE,https://www.linkedin.com/feed/update/urn%3Ali%3AgroupPost%3A46324-5987001887042318340
2015-03-27 02:19:24,LIKE,https://www.linkedin.com/feed/update/urn%3Ali%3Aactivity%3A5986553235656187910
2015-03-27 02:19:22,LIKE,https://www.linkedin.com/feed/update/urn%3Ali%3Aactivity%3A5986558865775276032
2015-03-27 02:19:16,LIKE,https://www.linkedin.com/feed/update/urn%3Ali%3Aactivity%3A5985922988241932288
2015-03-27 02:19:12,LIKE,https://www.linkedin.com/feed/update/urn%3Ali%3Aactivity%3A5984342820045991936
2015-03-27 02:19:11,LIKE,https://www.linkedin.com/feed/update/urn%3Ali%3Aactivity%3A5985874347900809216
2015-03-27 02:19:04,LIKE,https://www.linkedin.com/feed/update/urn%3Ali%3Aactivity%3A5985445999580033024
2015-03-27 02:19:02,LIKE,https://www.linkedin.com/feed/update/urn%3Ali%3Aactivity%3A5986145742622834688
2015-03-27 02:19:00,LIKE,https://www.linkedin.com/feed/update/urn%3Ali%3Aactivity%3A5986223010099527682
2015-03-27 02:18:52,LIKE,https://www.linkedin.com/feed/update/urn%3Ali%3Aactivity%3A5985848115305947137
2015-03-21 02:10:03,LIKE,https://www.linkedin.com/feed/update/urn%3Ali%3Aactivity%3A5984805712327360512
2015-03-21 02:09:21,LIKE,https://www.linkedin.com/feed/update/urn%3Ali%3Aactivity%3A5984770047690690560
2015-03-20 23:44:13,LIKE,https://www.linkedin.com/feed/update/urn%3Ali%3Aactivity%3A5984822042753581056
2015-03-20 23:44:10,LIKE,https://www.linkedin.com/feed/update/urn%3Ali%3Aactivity%3A5984754753324724224
2015-03-14 04:21:18,LIKE,https://www.linkedin.com/feed/update/urn%3Ali%3Acomment%3A%28groupPost%3A79825-5980426388216307716%2C5981121259734396928%29
2015-03-14 04:19:33,LIKE,https://www.linkedin.com/feed/update/urn%3Ali%3AgroupPost%3A79825-5980426388216307716
2015-03-13 06:02:42,LIKE,https://www.linkedin.com/feed/update/urn%3Ali%3Aactivity%3A5981869101356703744
2015-03-13 06:02:38,LIKE,https://www.linkedin.com/feed/update/urn%3Ali%3Aactivity%3A5981915123890081792
2015-03-08 20:05:38,LIKE,https://www.linkedin.com/feed/update/urn%3Ali%3AgroupPost%3A79825-5880335966530473986
2015-03-08 20:05:35,LIKE,https://www.linkedin.com/feed/update/urn%3Ali%3AgroupPost%3A79825-5865129038254735364
2015-03-08 20:05:32,LIKE,https://www.linkedin.com/feed/update/urn%3Ali%3AgroupPost%3A79825-5865128547038830595
2015-03-06 19:00:10,LIKE,https://www.linkedin.com/feed/update/urn%3Ali%3Aactivity%3A5978966462042296320
2015-03-06 04:47:58,LIKE,https://www.linkedin.com/feed/update/urn%3Ali%3Aactivity%3A5979247568008273920
2015-03-06 04:47:51,LIKE,https://www.linkedin.com/feed/update/urn%3Ali%3Aarticle%3A8889068723705696331
2015-03-01 05:32:05,LIKE,https://www.linkedin.com/feed/update/urn%3Ali%3AgroupPost%3A79825-220695212
2015-02-28 02:55:26,LIKE,https://www.linkedin.com/feed/update/urn%3Ali%3Aactivity%3A5977264205303144448
2015-02-28 02:54:35,LIKE,https://www.linkedin.com/feed/update/urn%3Ali%3Aactivity%3A5977261309882814464
2015-02-28 02:54:12,LIKE,https://www.linkedin.com/feed/update/urn%3Ali%3Aactivity%3A5977251632562393088
2015-02-23 00:12:38,LIKE,https://www.linkedin.com/feed/update/urn%3Ali%3AgroupPost%3A8251246-5975349495888695299
2015-02-19 21:09:55,LIKE,https://www.linkedin.com/feed/update/urn%3Ali%3Aactivity%3A5974250885008678912
2015-02-19 21:09:50,LIKE,https://www.linkedin.com/feed/update/urn%3Ali%3Aactivity%3A5974203573892841472
2015-02-14 21:27:51,LIKE,https://www.linkedin.com/feed/update/urn%3Ali%3AgroupPost%3A5054821-5972039929880997888
2015-02-14 21:26:30,LIKE,https://www.linkedin.com/feed/update/urn%3Ali%3Aactivity%3A5971105654570565632
2015-02-14 21:26:14,LIKE,https://www.linkedin.com/feed/update/urn%3Ali%3Aactivity%3A5972142712051220480
2015-02-14 21:26:06,LIKE,https://www.linkedin.com/feed/update/urn%3Ali%3Aactivity%3A5971661744639143936
2015-02-14 21:24:31,LIKE,https://www.linkedin.com/feed/update/urn%3Ali%3Aactivity%3A5972197470116081664
2015-02-14 21:21:03,LIKE,https://www.linkedin.com/feed/update/urn%3Ali%3Aactivity%3A5956457882244435968
2015-02-14 21:20:51,LIKE,https://www.linkedin.com/feed/update/urn%3Ali%3Aactivity%3A5971420599128449024
2015-02-14 21:20:43,LIKE,https://www.linkedin.com/feed/update/urn%3Ali%3Aarticle%3A8248549761900917580
2015-02-07 21:42:13,LIKE,https://www.linkedin.com/feed/update/urn%3Ali%3Aarticle%3A7476429970109499557
2015-02-07 21:41:48,LIKE,https://www.linkedin.com/feed/update/urn%3Ali%3Aarticle%3A7763648235297482631
2015-02-07 18:01:48,LIKE,https://www.linkedin.com/feed/update/urn%3Ali%3Aactivity%3A5969674585245839360
2015-02-07 03:59:07,LIKE,https://www.linkedin.com/feed/update/urn%3Ali%3Aarticle%3A7279279589737304312
2015-02-07 03:58:53,LIKE,https://www.linkedin.com/feed/update/urn%3Ali%3Aactivity%3A5950763628809510912
2015-02-07 03:58:10,LIKE,https://www.linkedin.com/feed/update/urn%3Ali%3AgroupPost%3A1087247-5969199572696719363
2015-02-07 03:57:28,LIKE,https://www.linkedin.com/feed/update/urn%3Ali%3Aactivity%3A5969669640790491136
2015-02-07 03:57:12,LIKE,https://www.linkedin.com/feed/update/urn%3Ali%3Aactivity%3A5969150899577171968
2015-02-07 03:57:04,LIKE,https://www.linkedin.com/feed/update/urn%3Ali%3Aarticle%3A8790237663869485869
2015-02-07 03:56:18,LIKE,https://www.linkedin.com/feed/update/urn%3Ali%3Aactivity%3A5969669709744918528
2015-02-07 03:56:11,LIKE,https://www.linkedin.com/feed/update/urn%3Ali%3Aactivity%3A5969664682686955520
2015-02-07 03:56:01,LIKE,https://www.linkedin.com/feed/update/urn%3Ali%3Aactivity%3A5969674490978779136
2015-02-07 03:55:41,LIKE,https://www.linkedin.com/feed/update/urn%3Ali%3Aactivity%3A5969671997578293248
2015-02-05 16:11:41,LIKE,https://www.linkedin.com/feed/update/urn%3Ali%3AgroupPost%3A1154937-5966518231756742656
2015-02-05 16:04:58,LIKE,https://www.linkedin.com/feed/update/urn%3Ali%3Acomment%3A%28groupPost%3A1154937-5966114784683323393%2C5967722876600594432%29
2015-02-05 16:04:39,LIKE,https://www.linkedin.com/feed/update/urn%3Ali%3Acomment%3A%28groupPost%3A1154937-5966114784683323393%2C5966352638697103360%29
2015-02-05 16:04:33,LIKE,https://www.linkedin.com/feed/update/urn%3Ali%3Acomment%3A%28groupPost%3A1154937-5966114784683323393%2C5966320856966639616%29
2015-02-05 03:53:04,LIKE,https://www.linkedin.com/feed/update/urn%3Ali%3Aactivity%3A5968871630158450688
2015-02-05 03:42:03,LIKE,https://www.linkedin.com/feed/update/urn%3Ali%3Aactivity%3A5968928549636157440
2015-02-05 01:35:39,LIKE,https://www.linkedin.com/feed/update/urn%3Ali%3Aactivity%3A5968907261173575680
2015-02-05 01:35:13,LIKE,https://www.linkedin.com/feed/update/urn%3Ali%3Aarticle%3A8374817614927867197
2015-02-05 01:35:09,LIKE,https://www.linkedin.com/feed/update/urn%3Ali%3Aactivity%3A5968885963676475392
2015-02-05 01:34:56,LIKE,https://www.linkedin.com/feed/update/urn%3Ali%3Aactivity%3A5968907759536586752
2015-02-05 01:34:19,LIKE,https://www.linkedin.com/feed/update/urn%3Ali%3Aactivity%3A5968077482207764481
2015-02-04 00:07:50,LIKE,https://www.linkedin.com/feed/update/urn%3Ali%3Aactivity%3A5967132311588712448
2015-02-01 19:46:03,LIKE,https://www.linkedin.com/feed/update/urn%3Ali%3Aactivity%3A5966243676500881408
2015-02-01 19:45:37,LIKE,https://www.linkedin.com/feed/update/urn%3Ali%3Aactivity%3A5967007526602948608
2015-02-01 19:45:17,LIKE,https://www.linkedin.com/feed/update/urn%3Ali%3Aactivity%3A5967370861039071232
2015-02-01 19:45:07,LIKE,https://www.linkedin.com/feed/update/urn%3Ali%3Aactivity%3A5967388299629703168
2015-02-01 19:45:03,LIKE,https://www.linkedin.com/feed/update/urn%3Ali%3Aactivity%3A5967702795393003520
2015-02-01 19:44:54,LIKE,https://www.linkedin.com/feed/update/urn%3Ali%3Aactivity%3A5967494405047808000
2015-02-01 19:44:29,LIKE,https://www.linkedin.com/feed/update/urn%3Ali%3Aactivity%3A5967306669590331392
2015-02-01 19:44:05,LIKE,https://www.linkedin.com/feed/update/urn%3Ali%3Aactivity%3A5966977747120050176
2015-02-01 19:44:00,LIKE,https://www.linkedin.com/feed/update/urn%3Ali%3Aactivity%3A5964510295605985280
2015-02-01 19:43:56,LIKE,https://www.linkedin.com/feed/update/urn%3Ali%3Aactivity%3A5967079476331307008
2015-02-01 19:43:41,LIKE,https://www.linkedin.com/feed/update/urn%3Ali%3Aactivity%3A5967405315505795072
2015-02-01 19:43:37,LIKE,https://www.linkedin.com/feed/update/urn%3Ali%3Aactivity%3A5966956447995621376
2015-02-01 19:43:29,LIKE,https://www.linkedin.com/feed/update/urn%3Ali%3Aactivity%3A5966987525850419200
2015-02-01 19:43:24,LIKE,https://www.linkedin.com/feed/update/urn%3Ali%3Aactivity%3A5966794036940406784
2015-02-01 19:40:10,LIKE,https://www.linkedin.com/feed/update/urn%3Ali%3Aactivity%3A5967546816886042624
2015-02-01 19:39:54,LIKE,https://www.linkedin.com/feed/update/urn%3Ali%3Aactivity%3A5967717355944423424
2015-01-28 16:59:00,LIKE,https://www.linkedin.com/feed/update/urn%3Ali%3Aactivity%3A5966208295940218880
2015-01-28 16:57:57,LIKE,https://www.linkedin.com/feed/update/urn%3Ali%3AgroupPost%3A6925481-5966217574629793793
2015-01-28 16:57:55,LIKE,https://www.linkedin.com/feed/update/urn%3Ali%3Aactivity%3A5966209705146671104
2015-01-25 18:53:25,LIKE,https://www.linkedin.com/feed/update/urn%3Ali%3Aactivity%3A5965182761231798272
2015-01-24 01:49:24,LIKE,https://www.linkedin.com/feed/update/urn%3Ali%3Aactivity%3A5964559223730749440
2015-01-24 01:48:58,LIKE,https://www.linkedin.com/feed/update/urn%3Ali%3Aarticle%3A8609734111426260869
2015-01-24 01:48:46,LIKE,https://www.linkedin.com/feed/update/urn%3Ali%3Aactivity%3A5964531632458260480
2015-01-24 01:47:46,LIKE,https://www.linkedin.com/feed/update/urn%3Ali%3Aactivity%3A5964542104993624064
2015-01-23 04:17:31,LIKE,https://www.linkedin.com/feed/update/urn%3Ali%3Aactivity%3A5964164034054934528
2015-01-21 01:36:41,LIKE,https://www.linkedin.com/feed/update/urn%3Ali%3Aactivity%3A5963382196600393728
2015-01-11 21:07:45,LIKE,https://www.linkedin.com/feed/update/urn%3Ali%3Aactivity%3A5960052438760247296
2015-01-11 21:07:19,LIKE,https://www.linkedin.com/feed/update/urn%3Ali%3Aactivity%3A5958698666347819008
2015-01-11 21:06:42,LIKE,https://www.linkedin.com/feed/update/urn%3Ali%3Aarticle%3A8914034381926936948
2015-01-11 21:06:06,LIKE,https://www.linkedin.com/feed/update/urn%3Ali%3Aactivity%3A5960063105231773696
2015-01-11 21:06:04,LIKE,https://www.linkedin.com/feed/update/urn%3Ali%3Aactivity%3A5960102985018130432
2015-01-11 21:06:00,LIKE,https://www.linkedin.com/feed/update/urn%3Ali%3Aactivity%3A5950270318764453888
2015-01-10 19:26:11,LIKE,https://www.linkedin.com/feed/update/urn%3Ali%3Aactivity%3A5957560197269438464
2015-01-09 18:26:07,LIKE,https://www.linkedin.com/feed/update/urn%3Ali%3AgroupPost%3A6925481-5958963930620518403
2015-01-09 18:25:45,LIKE,https://www.linkedin.com/feed/update/urn%3Ali%3AgroupPost%3A6925481-5959331687681777665
2015-01-09 13:39:11,LIKE,https://www.linkedin.com/feed/update/urn%3Ali%3Aactivity%3A5959311923055968256
2015-01-07 13:57:41,LIKE,https://www.linkedin.com/feed/update/urn%3Ali%3AgroupPost%3A3130441-5958425835869323265
2015-01-07 13:57:19,LIKE,https://www.linkedin.com/feed/update/urn%3Ali%3Aarticle%3A8040270527621933159
2015-01-07 13:55:56,LIKE,https://www.linkedin.com/feed/update/urn%3Ali%3Aactivity%3A5958583933372227584
2015-01-04 14:37:51,LIKE,https://www.linkedin.com/feed/update/urn%3Ali%3AgroupPost%3A1785155-5957434463435710465
2015-01-04 14:37:37,LIKE,https://www.linkedin.com/feed/update/urn%3Ali%3Aarticle%3A8080441288275585155
2015-01-04 14:36:34,LIKE,https://www.linkedin.com/feed/update/urn%3Ali%3Aactivity%3A5957439135437303808
2015-01-03 22:45:35,LIKE,https://www.linkedin.com/feed/update/urn%3Ali%3AgroupPost%3A5046912-5956961905527513089
2015-01-03 04:56:24,LIKE,https://www.linkedin.com/feed/update/urn%3Ali%3Aactivity%3A5951749142295441408
2015-01-03 04:55:45,LIKE,https://www.linkedin.com/feed/update/urn%3Ali%3Aactivity%3A5956899828398043136
2015-01-03 04:55:39,LIKE,https://www.linkedin.com/feed/update/urn%3Ali%3Aactivity%3A5956231841538142208
2015-01-03 04:55:35,LIKE,https://www.linkedin.com/feed/update/urn%3Ali%3Aactivity%3A5956863871493885952
2015-01-03 04:55:29,LIKE,https://www.linkedin.com/feed/update/urn%3Ali%3AgroupPost%3A3992639-5948956148563525633
2015-01-03 04:55:21,LIKE,https://www.linkedin.com/feed/update/urn%3Ali%3Aactivity%3A5956829011471515648
2015-01-03 04:54:24,LIKE,https://www.linkedin.com/feed/update/urn%3Ali%3AgroupPost%3A3419102-5956796889331417090
2015-01-03 04:54:16,LIKE,https://www.linkedin.com/feed/update/urn%3Ali%3Aactivity%3A5956884303076933632
2015-01-03 04:53:56,LIKE,https://www.linkedin.com/feed/update/urn%3Ali%3Aactivity%3A5956488112287809536
2015-01-03 04:53:54,LIKE,https://www.linkedin.com/feed/update/urn%3Ali%3Aactivity%3A5956487779465596928
2015-01-03 04:52:58,LIKE,https://www.linkedin.com/feed/update/urn%3Ali%3Aactivity%3A5956916847591833600
2015-01-03 04:52:38,LIKE,https://www.linkedin.com/feed/update/urn%3Ali%3Aarticle%3A7345439623363505780
2015-01-03 04:52:34,LIKE,https://www.linkedin.com/feed/update/urn%3Ali%3Aactivity%3A5956093843647520768
2015-01-03 04:52:09,LIKE,https://www.linkedin.com/feed/update/urn%3Ali%3Aactivity%3A5956878600035643392
2015-01-03 04:51:02,LIKE,https://www.linkedin.com/feed/update/urn%3Ali%3AgroupPost%3A3419102-5956799351853432832
2015-01-01 20:09:59,LIKE,https://www.linkedin.com/feed/update/urn%3Ali%3Aactivity%3A5956338914833747968
2015-01-01 20:06:46,LIKE,https://www.linkedin.com/feed/update/urn%3Ali%3Aactivity%3A5956509334857875456
2015-01-01 07:56:42,LIKE,https://www.linkedin.com/feed/update/urn%3Ali%3Aarticle%3A7106714391322455725
2014-12-15 14:09:50,LIKE,https://www.linkedin.com/feed/update/urn%3Ali%3Aactivity%3A5950226421153554432
2014-12-15 14:09:40,LIKE,https://www.linkedin.com/feed/update/urn%3Ali%3Aactivity%3A5950247873340858368
2014-12-15 14:09:17,LIKE,https://www.linkedin.com/feed/update/urn%3Ali%3Aactivity%3A5946790263585267712
2014-12-15 14:09:09,LIKE,https://www.linkedin.com/feed/update/urn%3Ali%3Aactivity%3A5950232677490712576
2014-12-15 14:09:00,LIKE,https://www.linkedin.com/feed/update/urn%3Ali%3Aactivity%3A5950232603792601088
2014-12-15 14:08:28,LIKE,https://www.linkedin.com/feed/update/urn%3Ali%3Aactivity%3A5950162453240299520
2014-12-15 14:08:01,LIKE,https://www.linkedin.com/feed/update/urn%3Ali%3Aactivity%3A5943103565152133120
2014-12-15 14:04:59,LIKE,https://www.linkedin.com/feed/update/urn%3Ali%3Aactivity%3A5950218065571569664
2014-12-11 02:51:41,LIKE,https://www.linkedin.com/feed/update/urn%3Ali%3AgroupPost%3A63979-5935818851403984899
2014-12-08 13:56:35,LIKE,https://www.linkedin.com/feed/update/urn%3Ali%3Aarticle%3A7938141337578896645
2014-12-08 13:54:23,LIKE,https://www.linkedin.com/feed/update/urn%3Ali%3Aactivity%3A5947454403874148352
2014-12-07 14:27:54,LIKE,https://www.linkedin.com/feed/update/urn%3Ali%3Aactivity%3A5945199661584257024
2014-12-03 03:35:57,LIKE,https://www.linkedin.com/feed/update/urn%3Ali%3Aactivity%3A5945707295341031424
2014-11-30 03:58:04,LIKE,https://www.linkedin.com/feed/update/urn%3Ali%3Aactivity%3A5932991834715348992
2014-11-25 20:05:09,LIKE,https://www.linkedin.com/feed/update/urn%3Ali%3Aarticle%3A7216444925008152551
2014-11-25 20:04:09,LIKE,https://www.linkedin.com/feed/update/urn%3Ali%3Aarticle%3A6978430184869954398
2014-11-25 20:03:51,LIKE,https://www.linkedin.com/feed/update/urn%3Ali%3Aarticle%3A8058578409478096560
2014-11-25 20:03:41,LIKE,https://www.linkedin.com/feed/update/urn%3Ali%3Aarticle%3A8292280395741750750
2014-11-21 01:59:23,LIKE,https://www.linkedin.com/feed/update/urn%3Ali%3Aactivity%3A5940256662794289152
2014-11-21 01:59:12,LIKE,https://www.linkedin.com/feed/update/urn%3Ali%3Aactivity%3A5941356638664417280
2014-11-21 01:58:30,LIKE,https://www.linkedin.com/feed/update/urn%3Ali%3AgroupPost%3A86354-5921267889549094916
2014-11-17 15:18:22,LIKE,https://www.linkedin.com/feed/update/urn%3Ali%3Aactivity%3A5940076091086508033
2014-11-12 22:00:47,LIKE,https://www.linkedin.com/feed/update/urn%3Ali%3Aactivity%3A5938340481057431552
2014-11-02 04:14:20,LIKE,https://www.linkedin.com/feed/update/urn%3Ali%3Aactivity%3A5934514746828021760
2014-11-02 04:13:34,LIKE,https://www.linkedin.com/feed/update/urn%3Ali%3Aactivity%3A5934516059250905088
2014-11-02 04:11:53,LIKE,https://www.linkedin.com/feed/update/urn%3Ali%3Aactivity%3A5934451056980283392
2014-10-30 20:29:15,LIKE,https://www.linkedin.com/feed/update/urn%3Ali%3Aactivity%3A5933366634264682496
2014-10-30 20:29:04,LIKE,https://www.linkedin.com/feed/update/urn%3Ali%3Aactivity%3A5933667364821303299
2014-10-28 16:56:40,LIKE,https://www.linkedin.com/feed/update/urn%3Ali%3Aarticle%3A8367062216719729440
2014-10-25 19:07:26,LIKE,https://www.linkedin.com/feed/update/urn%3Ali%3Aactivity%3A5931776524733669376
2014-10-21 02:58:23,LIKE,https://www.linkedin.com/feed/update/urn%3Ali%3Aactivity%3A5929950284796149760
2014-10-21 02:58:00,LIKE,https://www.linkedin.com/feed/update/urn%3Ali%3Aactivity%3A5929950494393913344
2014-10-21 02:57:49,LIKE,https://www.linkedin.com/feed/update/urn%3Ali%3Aactivity%3A5929950780277678080
2014-10-20 17:55:02,LIKE,https://www.linkedin.com/feed/update/urn%3Ali%3AgroupPost%3A4485892-5930020882331222018
2014-10-20 17:54:58,LIKE,https://www.linkedin.com/feed/update/urn%3Ali%3Aactivity%3A5930016791874011136
2014-10-20 13:08:30,LIKE,https://www.linkedin.com/feed/update/urn%3Ali%3AgroupPost%3A1886824-5929353210241241088
2014-10-20 13:07:12,LIKE,https://www.linkedin.com/feed/update/urn%3Ali%3Aactivity%3A5929915668605468672
2014-10-20 13:07:00,LIKE,https://www.linkedin.com/feed/update/urn%3Ali%3Aactivity%3A5929920503715221504
2014-10-17 00:45:26,LIKE,https://www.linkedin.com/feed/update/urn%3Ali%3Aactivity%3A5928595437400383488
2014-10-16 19:21:35,LIKE,https://www.linkedin.com/feed/update/urn%3Ali%3Aarticle%3A8773485323958335072
2014-10-16 17:55:43,LIKE,https://www.linkedin.com/feed/update/urn%3Ali%3Aactivity%3A5928308645753286656
2014-10-15 20:01:37,LIKE,https://www.linkedin.com/feed/update/urn%3Ali%3Aactivity%3A5928197664075165696
2014-10-15 18:59:46,LIKE,https://www.linkedin.com/feed/update/urn%3Ali%3Aactivity%3A5928220228939964416
2014-10-15 18:59:38,LIKE,https://www.linkedin.com/feed/update/urn%3Ali%3Aactivity%3A5928166471673868288
2014-10-15 18:58:18,LIKE,https://www.linkedin.com/feed/update/urn%3Ali%3Aactivity%3A5928204660958601216
2014-10-15 18:48:41,LIKE,https://www.linkedin.com/feed/update/urn%3Ali%3Aactivity%3A5928196108802076672
2014-10-15 18:48:32,LIKE,https://www.linkedin.com/feed/update/urn%3Ali%3Aactivity%3A5925007718749327360
2014-10-15 18:48:20,LIKE,https://www.linkedin.com/feed/update/urn%3Ali%3Aactivity%3A5927827780078161920
2014-10-11 18:37:07,LIKE,https://www.linkedin.com/feed/update/urn%3Ali%3AgroupPost%3A3130441-5926635234597556225
2014-10-11 18:36:53,LIKE,https://www.linkedin.com/feed/update/urn%3Ali%3Aactivity%3A5926748959082037248
2014-10-09 17:35:03,LIKE,https://www.linkedin.com/feed/update/urn%3Ali%3Aactivity%3A5926011104370110464
2014-10-09 17:34:57,LIKE,https://www.linkedin.com/feed/update/urn%3Ali%3Aactivity%3A5926030583007293440
2014-10-09 17:34:57,LIKE,https://www.linkedin.com/feed/update/urn%3Ali%3Aactivity%3A5926030586585038849
2014-10-08 23:20:59,LIKE,https://www.linkedin.com/feed/update/urn%3Ali%3Aactivity%3A5925748076105969664
2014-10-08 23:20:49,LIKE,https://www.linkedin.com/feed/update/urn%3Ali%3Aactivity%3A5925321975038775296
2014-10-08 23:20:43,LIKE,https://www.linkedin.com/feed/update/urn%3Ali%3Aactivity%3A5925615208205680640
2014-10-08 02:59:41,LIKE,https://www.linkedin.com/feed/update/urn%3Ali%3Aactivity%3A5925425089695744000
2014-10-08 02:59:07,LIKE,https://www.linkedin.com/feed/update/urn%3Ali%3Aactivity%3A5925360598614294528
2014-10-08 02:58:43,LIKE,https://www.linkedin.com/feed/update/urn%3Ali%3Aactivity%3A5924919108012363776
2014-10-08 02:57:36,LIKE,https://www.linkedin.com/feed/update/urn%3Ali%3Aarticle%3A8493882673112565679
2014-10-04 16:31:51,LIKE,https://www.linkedin.com/feed/update/urn%3Ali%3Aarticle%3A8345198972881495873
2014-10-04 16:30:53,LIKE,https://www.linkedin.com/feed/update/urn%3Ali%3Aarticle%3A8319225509218144189
2014-10-04 03:42:27,LIKE,https://www.linkedin.com/feed/update/urn%3Ali%3Aactivity%3A5923942764810088448
2014-10-04 03:41:55,LIKE,https://www.linkedin.com/feed/update/urn%3Ali%3Aarticle%3A8983275175326784250
2014-10-04 03:41:43,LIKE,https://www.linkedin.com/feed/update/urn%3Ali%3Aactivity%3A5923935507103891456
2014-10-02 12:52:36,LIKE,https://www.linkedin.com/feed/update/urn%3Ali%3Aactivity%3A5923344832754909184
2014-09-27 05:24:11,LIKE,https://www.linkedin.com/feed/update/urn%3Ali%3Aactivity%3A5921496128041267200
2014-09-26 13:08:26,LIKE,https://www.linkedin.com/feed/update/urn%3Ali%3Aactivity%3A5920694114168356864
2014-09-25 00:05:09,LIKE,https://www.linkedin.com/feed/update/urn%3Ali%3Aarticle%3A8560023503077305620
2014-09-25 00:04:28,LIKE,https://www.linkedin.com/feed/update/urn%3Ali%3Aarticle%3A7443032355476665654
2014-09-22 18:38:09,LIKE,https://www.linkedin.com/feed/update/urn%3Ali%3Aarticle%3A7306360266686252851
2014-09-22 18:38:09,LIKE,https://www.linkedin.com/feed/update/urn%3Ali%3Aarticle%3A9094828628931099712
2014-09-22 18:38:06,LIKE,https://www.linkedin.com/feed/update/urn%3Ali%3Aarticle%3A8269126710877124687
2014-09-22 18:38:04,LIKE,https://www.linkedin.com/feed/update/urn%3Ali%3Aarticle%3A7615593732068330871
2014-09-22 18:38:03,LIKE,https://www.linkedin.com/feed/update/urn%3Ali%3Aarticle%3A7055843624285680423
2014-09-22 18:37:56,LIKE,https://www.linkedin.com/feed/update/urn%3Ali%3Aarticle%3A7501662288688824566
2014-09-22 18:37:52,LIKE,https://www.linkedin.com/feed/update/urn%3Ali%3Aarticle%3A8611455598561999341
2014-09-22 18:37:50,LIKE,https://www.linkedin.com/feed/update/urn%3Ali%3Aarticle%3A7794915626216542964
2014-09-20 22:11:17,LIKE,https://www.linkedin.com/feed/update/urn%3Ali%3Aactivity%3A5919179931819991040
2014-09-20 22:11:10,LIKE,https://www.linkedin.com/feed/update/urn%3Ali%3Aactivity%3A5916258416979886080
2014-09-20 22:11:08,LIKE,https://www.linkedin.com/feed/update/urn%3Ali%3Aactivity%3A5919113870873473024
2014-09-20 22:11:02,LIKE,https://www.linkedin.com/feed/update/urn%3Ali%3Aactivity%3A5918868754325848064
2014-09-17 01:14:01,LIKE,https://www.linkedin.com/feed/update/urn%3Ali%3Aarticle%3A7389251811304246001
2014-09-17 01:13:51,LIKE,https://www.linkedin.com/feed/update/urn%3Ali%3Aarticle%3A8718341073649933415
2014-09-17 01:13:48,LIKE,https://www.linkedin.com/feed/update/urn%3Ali%3Aarticle%3A7135022487847256523
2014-09-17 01:13:43,LIKE,https://www.linkedin.com/feed/update/urn%3Ali%3Aarticle%3A7519293454629448660
2014-09-15 12:48:33,LIKE,https://www.linkedin.com/feed/update/urn%3Ali%3Aactivity%3A5915457568389480449
2014-09-15 03:34:30,LIKE,https://www.linkedin.com/feed/update/urn%3Ali%3Aarticle%3A7509049939217369133?commentUrn=urn%3Ali%3Acomment%3A%28article%3A7509049939217369133%2C5917061856769368064%29
2014-09-13 16:46:28,LIKE,https://www.linkedin.com/feed/update/urn%3Ali%3Aactivity%3A5914793855550504960
2014-09-13 16:45:44,LIKE,https://www.linkedin.com/feed/update/urn%3Ali%3Aactivity%3A5916196095007944704
2014-09-13 16:44:41,LIKE,https://www.linkedin.com/feed/update/urn%3Ali%3Aarticle%3A8524618475943166288
2014-09-13 16:44:05,LIKE,https://www.linkedin.com/feed/update/urn%3Ali%3Aactivity%3A5916544489169653760
2014-09-13 16:43:33,LIKE,https://www.linkedin.com/feed/update/urn%3Ali%3Aarticle%3A7612220073448109417
2014-09-10 13:23:48,LIKE,https://www.linkedin.com/feed/update/urn%3Ali%3Aactivity%3A5911217558295425024
2014-09-10 13:22:11,LIKE,https://www.linkedin.com/feed/update/urn%3Ali%3Aactivity%3A5914849218215817216
2014-09-10 13:21:56,LIKE,https://www.linkedin.com/feed/update/urn%3Ali%3Aactivity%3A5913363825112940544
2014-09-10 13:21:31,LIKE,https://www.linkedin.com/feed/update/urn%3Ali%3Aactivity%3A5915444996168785921
2014-09-10 13:21:16,LIKE,https://www.linkedin.com/feed/update/urn%3Ali%3Aactivity%3A5915158335342006272
2014-09-10 13:19:48,LIKE,https://www.linkedin.com/feed/update/urn%3Ali%3Aactivity%3A5914821523864039424
2014-09-10 13:19:45,LIKE,https://www.linkedin.com/feed/update/urn%3Ali%3Aactivity%3A5913395174666420224
2014-09-10 13:19:36,LIKE,https://www.linkedin.com/feed/update/urn%3Ali%3Aactivity%3A5915452150980313088
2014-09-10 13:19:08,LIKE,https://www.linkedin.com/feed/update/urn%3Ali%3Aactivity%3A5914955237797412864
2014-09-10 13:18:58,LIKE,https://www.linkedin.com/feed/update/urn%3Ali%3Aactivity%3A5915452040707874816
2014-09-10 13:18:34,LIKE,https://www.linkedin.com/feed/update/urn%3Ali%3Aactivity%3A5913802655515303936
2014-09-10 13:18:21,LIKE,https://www.linkedin.com/feed/update/urn%3Ali%3Aactivity%3A5915013183185117184
2014-09-10 13:18:06,LIKE,https://www.linkedin.com/feed/update/urn%3Ali%3Aactivity%3A5912959633231736832
2014-09-10 13:18:03,LIKE,https://www.linkedin.com/feed/update/urn%3Ali%3Aarticle%3A7563856391808269603
2014-09-10 13:17:59,LIKE,https://www.linkedin.com/feed/update/urn%3Ali%3Aarticle%3A9188695806331958502
2014-09-10 13:17:52,LIKE,https://www.linkedin.com/feed/update/urn%3Ali%3Aactivity%3A5915452652187066368
2014-09-10 13:17:46,LIKE,https://www.linkedin.com/feed/update/urn%3Ali%3Aarticle%3A7916056764190998443
2014-09-10 13:16:58,LIKE,https://www.linkedin.com/feed/update/urn%3Ali%3Aactivity%3A5913060610521710592
2014-09-10 13:16:49,LIKE,https://www.linkedin.com/feed/update/urn%3Ali%3Aactivity%3A5915429622723416064
2014-09-04 13:13:45,LIKE,https://www.linkedin.com/feed/update/urn%3Ali%3Aactivity%3A5912596095397023744
2014-09-02 01:21:31,LIKE,https://www.linkedin.com/feed/update/urn%3Ali%3Aactivity%3A5910491271520079872
2014-08-29 13:11:51,LIKE,https://www.linkedin.com/feed/update/urn%3Ali%3Aarticle%3A8792897116247448417?commentUrn=urn%3Ali%3Acomment%3A%28article%3A8792897116247448417%2C5911082627552530432%29
2014-08-22 13:10:21,LIKE,https://www.linkedin.com/feed/update/urn%3Ali%3Aactivity%3A5908565507518246912
2014-08-22 13:10:14,LIKE,https://www.linkedin.com/feed/update/urn%3Ali%3Aactivity%3A5908565669691027456
2014-08-22 13:09:53,LIKE,https://www.linkedin.com/feed/update/urn%3Ali%3Aactivity%3A5908567977850068992
2014-08-22 13:09:46,LIKE,https://www.linkedin.com/feed/update/urn%3Ali%3Aactivity%3A5908568112655015936
2014-08-22 13:08:58,LIKE,https://www.linkedin.com/feed/update/urn%3Ali%3Aactivity%3A5908346877014720512
2014-08-22 13:08:35,LIKE,https://www.linkedin.com/feed/update/urn%3Ali%3Aactivity%3A5905460717632368640
2014-08-22 13:08:28,LIKE,https://www.linkedin.com/feed/update/urn%3Ali%3Aactivity%3A5908569862921269248
2014-08-22 13:08:15,LIKE,https://www.linkedin.com/feed/update/urn%3Ali%3Aactivity%3A5908335183811067904
2014-08-19 13:12:57,LIKE,https://www.linkedin.com/feed/update/urn%3Ali%3Aactivity%3A5907004961627058176
2014-08-19 13:12:35,LIKE,https://www.linkedin.com/feed/update/urn%3Ali%3Aactivity%3A5907142370838728704
2014-08-19 13:12:05,LIKE,https://www.linkedin.com/feed/update/urn%3Ali%3Aactivity%3A5907469765496041472
2014-08-19 13:11:54,LIKE,https://www.linkedin.com/feed/update/urn%3Ali%3Aactivity%3A5907362020017078272
2014-08-19 13:11:49,LIKE,https://www.linkedin.com/feed/update/urn%3Ali%3Aactivity%3A5906772883534790656
2014-08-19 13:10:23,LIKE,https://www.linkedin.com/feed/update/urn%3Ali%3Aactivity%3A5906641848817958912
2014-08-19 13:10:16,LIKE,https://www.linkedin.com/feed/update/urn%3Ali%3Aarticle%3A8422848111884876220
2014-08-19 13:09:58,LIKE,https://www.linkedin.com/feed/update/urn%3Ali%3Aactivity%3A5906381033044979712
2014-08-19 13:09:05,LIKE,https://www.linkedin.com/feed/update/urn%3Ali%3Aactivity%3A5907454388045099008
2014-08-19 13:08:52,LIKE,https://www.linkedin.com/feed/update/urn%3Ali%3Aactivity%3A5907461817612935168
2014-08-19 13:08:46,LIKE,https://www.linkedin.com/feed/update/urn%3Ali%3Aarticle%3A7154088362934227428
2014-08-19 13:08:27,LIKE,https://www.linkedin.com/feed/update/urn%3Ali%3Aactivity%3A5907466950321143808
2014-08-19 13:06:55,LIKE,https://www.linkedin.com/feed/update/urn%3Ali%3Aarticle%3A8085554828582337781
2014-08-19 13:06:52,LIKE,https://www.linkedin.com/feed/update/urn%3Ali%3Aarticle%3A7803996300151663045
2014-08-19 13:06:41,LIKE,https://www.linkedin.com/feed/update/urn%3Ali%3Aactivity%3A5905669926009475072
2014-08-19 13:06:19,LIKE,https://www.linkedin.com/feed/update/urn%3Ali%3Aactivity%3A5905736267018027009
2014-08-19 13:06:10,LIKE,https://www.linkedin.com/feed/update/urn%3Ali%3Aactivity%3A5907473485365526528
2014-08-19 13:06:03,LIKE,https://www.linkedin.com/feed/update/urn%3Ali%3Aactivity%3A5906587000118460416
2014-08-19 13:05:53,LIKE,https://www.linkedin.com/feed/update/urn%3Ali%3Aactivity%3A5907158927442747392
2014-08-19 13:05:20,LIKE,https://www.linkedin.com/feed/update/urn%3Ali%3Aactivity%3A5906984464294109185
2014-08-19 13:04:38,LIKE,https://www.linkedin.com/feed/update/urn%3Ali%3Aactivity%3A5907480908427988992
2014-08-19 13:04:24,LIKE,https://www.linkedin.com/feed/update/urn%3Ali%3Aactivity%3A5907480950106787840
2014-08-19 13:03:46,LIKE,https://www.linkedin.com/feed/update/urn%3Ali%3Aactivity%3A5907299917960851456
2014-08-19 13:03:23,LIKE,https://www.linkedin.com/feed/update/urn%3Ali%3Aactivity%3A5907227167812509696
2014-08-13 12:27:58,LIKE,https://www.linkedin.com/feed/update/urn%3Ali%3Aactivity%3A5905244938869690368
2014-08-09 22:20:28,LIKE,https://www.linkedin.com/feed/update/urn%3Ali%3Aactivity%3A5903954344063041536
2014-08-09 22:20:07,LIKE,https://www.linkedin.com/feed/update/urn%3Ali%3Aactivity%3A5902600811984203776
2014-08-09 22:20:03,LIKE,https://www.linkedin.com/feed/update/urn%3Ali%3Aactivity%3A5903917401199628289
2014-08-07 17:48:22,LIKE,https://www.linkedin.com/feed/update/urn%3Ali%3Aactivity%3A5903197052434665472
2014-08-07 17:48:17,LIKE,https://www.linkedin.com/feed/update/urn%3Ali%3Aactivity%3A5903198255776301056
2014-08-07 17:47:26,LIKE,https://www.linkedin.com/feed/update/urn%3Ali%3Aactivity%3A5903198359962812416
2014-08-07 17:47:09,LIKE,https://www.linkedin.com/feed/update/urn%3Ali%3Aactivity%3A5903202958794842113
2014-08-07 17:47:05,LIKE,https://www.linkedin.com/feed/update/urn%3Ali%3Aarticle%3A9222205383566550364
2014-08-07 17:47:00,LIKE,https://www.linkedin.com/feed/update/urn%3Ali%3Aactivity%3A5852783962455306240
2014-08-07 17:46:57,LIKE,https://www.linkedin.com/feed/update/urn%3Ali%3Aactivity%3A5903204080242683904
2014-08-07 17:15:00,LIKE,https://www.linkedin.com/feed/update/urn%3Ali%3Aactivity%3A5903174233248251904
2014-08-06 22:12:06,LIKE,https://www.linkedin.com/feed/update/urn%3Ali%3Aactivity%3A5902906281038983168
2014-08-06 21:58:25,LIKE,https://www.linkedin.com/feed/update/urn%3Ali%3Aactivity%3A5902902153646723072
2014-08-06 21:58:18,LIKE,https://www.linkedin.com/feed/update/urn%3Ali%3Aarticle%3A8496911538520621992
2014-08-02 22:54:48,LIKE,https://www.linkedin.com/feed/update/urn%3Ali%3Aactivity%3A5900377209675198464
2014-08-02 22:54:45,LIKE,https://www.linkedin.com/feed/update/urn%3Ali%3Aactivity%3A5901370373387079680
2014-08-02 22:54:41,LIKE,https://www.linkedin.com/feed/update/urn%3Ali%3Aactivity%3A5888059404930002944
2014-08-02 22:53:56,LIKE,https://www.linkedin.com/feed/update/urn%3Ali%3Aactivity%3A5900919830491443200
2014-08-02 22:53:52,LIKE,https://www.linkedin.com/feed/update/urn%3Ali%3Aactivity%3A5901459620215410688
2014-08-02 22:53:26,LIKE,https://www.linkedin.com/feed/update/urn%3Ali%3Aactivity%3A5841634272917602304
2014-08-02 22:53:16,LIKE,https://www.linkedin.com/feed/update/urn%3Ali%3Aactivity%3A5901468711889420289
2014-08-02 22:53:10,LIKE,https://www.linkedin.com/feed/update/urn%3Ali%3Aarticle%3A8440651313238812840
2014-08-02 22:53:07,LIKE,https://www.linkedin.com/feed/update/urn%3Ali%3Aactivity%3A5900983590732193792
2014-08-02 22:53:03,LIKE,https://www.linkedin.com/feed/update/urn%3Ali%3Aarticle%3A8956417786736566870
2014-08-02 22:52:58,LIKE,https://www.linkedin.com/feed/update/urn%3Ali%3Aactivity%3A5900738172597321729
2014-08-02 22:52:26,LIKE,https://www.linkedin.com/feed/update/urn%3Ali%3Aactivity%3A5900999075389542400
2014-08-02 22:52:23,LIKE,https://www.linkedin.com/feed/update/urn%3Ali%3Aactivity%3A5901379464712970240
2014-08-02 22:52:09,LIKE,https://www.linkedin.com/feed/update/urn%3Ali%3Aactivity%3A5900340218107547648
2014-08-02 22:51:57,LIKE,https://www.linkedin.com/feed/update/urn%3Ali%3Aactivity%3A5899892754900598784
2014-08-02 22:51:42,LIKE,https://www.linkedin.com/feed/update/urn%3Ali%3Aactivity%3A5900977211158048769
2014-08-02 22:51:29,LIKE,https://www.linkedin.com/feed/update/urn%3Ali%3Aactivity%3A5900987841806086144
2014-08-02 22:51:18,LIKE,https://www.linkedin.com/feed/update/urn%3Ali%3Aactivity%3A5870199401393192960
2014-08-02 22:49:29,LIKE,https://www.linkedin.com/feed/update/urn%3Ali%3Aactivity%3A5901096439089479680
2014-08-02 22:49:27,LIKE,https://www.linkedin.com/feed/update/urn%3Ali%3Aactivity%3A5901041345694281728
2014-08-02 22:49:21,LIKE,https://www.linkedin.com/feed/update/urn%3Ali%3Aactivity%3A5901378915334639616
2014-08-02 22:49:04,LIKE,https://www.linkedin.com/feed/update/urn%3Ali%3Aactivity%3A5874546803495419904
2014-08-02 22:49:00,LIKE,https://www.linkedin.com/feed/update/urn%3Ali%3Aactivity%3A5899552644426383360
2014-08-01 17:54:27,LIKE,https://www.linkedin.com/feed/update/urn%3Ali%3Aarticle%3A7785898350294244606
2014-08-01 03:13:02,LIKE,https://www.linkedin.com/feed/update/urn%3Ali%3Aactivity%3A5900742494571737088
2014-07-31 18:15:56,LIKE,https://www.linkedin.com/feed/update/urn%3Ali%3Aactivity%3A5900402203033624576
2014-07-31 13:32:38,LIKE,https://www.linkedin.com/feed/update/urn%3Ali%3Aactivity%3A5900342831658078208
2014-07-31 13:30:50,LIKE,https://www.linkedin.com/feed/update/urn%3Ali%3Aarticle%3A7053677454649244187
2014-07-31 13:30:11,LIKE,https://www.linkedin.com/feed/update/urn%3Ali%3Aactivity%3A5899930390365224960
2014-07-30 12:27:31,LIKE,https://www.linkedin.com/feed/update/urn%3Ali%3Aarticle%3A8520549634981066953
2014-07-21 17:37:12,LIKE,https://www.linkedin.com/feed/update/urn%3Ali%3Aactivity%3A5895917667348398080
2014-07-21 17:37:01,LIKE,https://www.linkedin.com/feed/update/urn%3Ali%3Aactivity%3A5895901604585959424
2014-07-20 17:39:51,LIKE,https://www.linkedin.com/feed/update/urn%3Ali%3Aactivity%3A5896337813695119360
2014-07-18 03:02:49,LIKE,https://www.linkedin.com/feed/update/urn%3Ali%3Aactivity%3A5895695087135907840
2014-07-18 03:02:43,LIKE,https://www.linkedin.com/feed/update/urn%3Ali%3Aactivity%3A5895697152558014464
2014-07-18 03:02:24,LIKE,https://www.linkedin.com/feed/update/urn%3Ali%3Aactivity%3A5895697527054811136
2014-07-18 02:59:29,LIKE,https://www.linkedin.com/feed/update/urn%3Ali%3Aactivity%3A5895720318739185664
2014-07-18 02:55:42,LIKE,https://www.linkedin.com/feed/update/urn%3Ali%3Aactivity%3A5895703239042555905
2014-07-18 02:55:28,LIKE,https://www.linkedin.com/feed/update/urn%3Ali%3Aactivity%3A5894637818205978624
2014-07-18 02:55:11,LIKE,https://www.linkedin.com/feed/update/urn%3Ali%3Aactivity%3A5895137247287595008
2014-07-18 02:54:28,LIKE,https://www.linkedin.com/feed/update/urn%3Ali%3Aarticle%3A7698519483901369984
2014-07-16 13:29:22,LIKE,https://www.linkedin.com/feed/update/urn%3Ali%3Aactivity%3A5894822782474141696
2014-07-16 13:28:48,LIKE,https://www.linkedin.com/feed/update/urn%3Ali%3Aactivity%3A5895165339683016704
2014-07-16 13:27:39,LIKE,https://www.linkedin.com/feed/update/urn%3Ali%3Aactivity%3A5895163518721748992
2014-07-15 13:04:30,LIKE,https://www.linkedin.com/feed/update/urn%3Ali%3Aactivity%3A5894158151078395904
2014-07-13 11:38:05,LIKE,https://www.linkedin.com/feed/update/urn%3Ali%3Aactivity%3A5893856110930055168
2014-07-13 11:36:40,LIKE,https://www.linkedin.com/feed/update/urn%3Ali%3Aactivity%3A5893786708138278912
2014-07-13 11:34:49,LIKE,https://www.linkedin.com/feed/update/urn%3Ali%3Aactivity%3A5893947971157901312
2014-07-13 11:33:55,LIKE,https://www.linkedin.com/feed/update/urn%3Ali%3Aarticle%3A7625093487702268292
2014-07-13 11:32:22,LIKE,https://www.linkedin.com/feed/update/urn%3Ali%3Aactivity%3A5893146525667725312
2014-07-13 11:31:24,LIKE,https://www.linkedin.com/feed/update/urn%3Ali%3Aactivity%3A5893728782946156544
2014-07-11 12:56:58,LIKE,https://www.linkedin.com/feed/update/urn%3Ali%3Aarticle%3A7375722167230336436
2014-07-10 01:37:11,LIKE,https://www.linkedin.com/feed/update/urn%3Ali%3Aarticle%3A9119127247459426363
2014-07-10 01:36:51,LIKE,https://www.linkedin.com/feed/update/urn%3Ali%3Aarticle%3A7461327955256320430
2014-07-09 12:47:45,LIKE,https://www.linkedin.com/feed/update/urn%3Ali%3Aactivity%3A5892579005818769408
2014-07-09 12:43:11,LIKE,https://www.linkedin.com/feed/update/urn%3Ali%3Aarticle%3A8296829609850915764
2014-07-07 15:26:58,LIKE,https://www.linkedin.com/feed/update/urn%3Ali%3Aactivity%3A5885417499834486784
2014-07-07 14:55:19,LIKE,https://www.linkedin.com/feed/update/urn%3Ali%3Aactivity%3A5891898132077228032
2014-07-07 14:54:12,LIKE,https://www.linkedin.com/feed/update/urn%3Ali%3Aactivity%3A5885071269732311040
2014-06-25 12:12:24,LIKE,https://www.linkedin.com/feed/update/urn%3Ali%3Aactivity%3A5886970089378439169
2014-06-25 12:12:07,LIKE,https://www.linkedin.com/feed/update/urn%3Ali%3Aactivity%3A5887523213151318017
2014-06-25 12:11:59,LIKE,https://www.linkedin.com/feed/update/urn%3Ali%3Aactivity%3A5887061765270839296
2014-06-24 12:57:00,LIKE,https://www.linkedin.com/feed/update/urn%3Ali%3Aactivity%3A5886892420062261250
2014-06-24 12:52:41,LIKE,https://www.linkedin.com/feed/update/urn%3Ali%3Aactivity%3A5886861831821090816
2014-06-24 12:52:10,LIKE,https://www.linkedin.com/feed/update/urn%3Ali%3Aactivity%3A5886987162515161088
2014-06-24 12:52:04,LIKE,https://www.linkedin.com/feed/update/urn%3Ali%3Aactivity%3A5886913167518351360
2014-06-23 12:38:21,LIKE,https://www.linkedin.com/feed/update/urn%3Ali%3Aarticle%3A8689647028142718873
2014-06-22 05:42:12,LIKE,https://www.linkedin.com/feed/update/urn%3Ali%3Aactivity%3A5872431932565905408
2014-06-21 20:16:24,LIKE,https://www.linkedin.com/feed/update/urn%3Ali%3Aactivity%3A5885035983937748992
2014-06-21 20:15:53,LIKE,https://www.linkedin.com/feed/update/urn%3Ali%3Aactivity%3A5886176665259761664
2014-06-21 20:15:46,LIKE,https://www.linkedin.com/feed/update/urn%3Ali%3Aactivity%3A5885920728154386432
2014-06-21 20:14:38,LIKE,https://www.linkedin.com/feed/update/urn%3Ali%3Aactivity%3A5886049706877927424
2014-06-21 20:12:32,LIKE,https://www.linkedin.com/feed/update/urn%3Ali%3Aactivity%3A5885622408462745600
2014-06-21 20:12:21,LIKE,https://www.linkedin.com/feed/update/urn%3Ali%3Aactivity%3A5885939364558557184
2014-06-21 20:11:38,LIKE,https://www.linkedin.com/feed/update/urn%3Ali%3Aactivity%3A5885508542982533120
2014-06-21 20:11:15,LIKE,https://www.linkedin.com/feed/update/urn%3Ali%3Aactivity%3A5886195364247126016
2014-06-21 20:10:50,LIKE,https://www.linkedin.com/feed/update/urn%3Ali%3Aactivity%3A5885814766437421056
2014-06-21 20:10:25,LIKE,https://www.linkedin.com/feed/update/urn%3Ali%3Aactivity%3A5885164950065795072
2014-06-21 20:10:15,LIKE,https://www.linkedin.com/feed/update/urn%3Ali%3Aactivity%3A5884715376494788608
2014-06-21 20:09:38,LIKE,https://www.linkedin.com/feed/update/urn%3Ali%3Aactivity%3A5885455291440443392
2014-06-21 20:09:20,LIKE,https://www.linkedin.com/feed/update/urn%3Ali%3Aactivity%3A5886201007142113280
2014-06-21 20:09:08,LIKE,https://www.linkedin.com/feed/update/urn%3Ali%3Aactivity%3A5880491470661632000
2014-06-21 20:08:59,LIKE,https://www.linkedin.com/feed/update/urn%3Ali%3Aarticle%3A8619858265002845833
2014-06-21 20:08:55,LIKE,https://www.linkedin.com/feed/update/urn%3Ali%3Aactivity%3A5886190610607517696
2014-06-14 07:23:54,LIKE,https://www.linkedin.com/feed/update/urn%3Ali%3AgroupPost%3A1916699-5883158170511114242
2014-05-28 03:38:02,LIKE,https://www.linkedin.com/feed/update/urn%3Ali%3Aactivity%3A5877215285429170176
2014-05-24 08:49:19,LIKE,https://www.linkedin.com/feed/update/urn%3Ali%3Aactivity%3A5875811728796712960
2014-05-24 08:48:52,LIKE,https://www.linkedin.com/feed/update/urn%3Ali%3Aactivity%3A5875848125695934464
2014-05-24 08:48:44,LIKE,https://www.linkedin.com/feed/update/urn%3Ali%3Aactivity%3A5873147934631026688
2014-05-17 15:56:09,LIKE,https://www.linkedin.com/feed/update/urn%3Ali%3Aactivity%3A5872864844125859842
2014-05-17 15:55:54,LIKE,https://www.linkedin.com/feed/update/urn%3Ali%3Aactivity%3A5872056438905413633
2014-05-17 15:55:38,LIKE,https://www.linkedin.com/feed/update/urn%3Ali%3Aactivity%3A5873440439310233600
2014-05-17 15:55:29,LIKE,https://www.linkedin.com/feed/update/urn%3Ali%3Aactivity%3A5872518433106571264
2014-01-28 16:04:05,LIKE,https://www.linkedin.com/feed/update/urn%3Ali%3AgroupPost%3A1834604-5832265044548669442
2014-01-27 20:26:46,LIKE,https://www.linkedin.com/feed/update/urn%3Ali%3Aactivity%3A5833664798528634880
2014-01-27 17:03:02,LIKE,https://www.linkedin.com/feed/update/urn%3Ali%3Aactivity%3A5833614185288077312
2014-01-27 17:03:02,LIKE,https://www.linkedin.com/feed/update/urn%3Ali%3AgroupPost%3A1916699-5820993722074046466
2014-01-26 18:31:11,LIKE,https://www.linkedin.com/feed/update/urn%3Ali%3Aactivity%3A5833266478786306048
2014-01-24 16:32:18,LIKE,https://www.linkedin.com/feed/update/urn%3Ali%3Aarticle%3A7238458848291154601
2014-01-24 16:32:12,LIKE,https://www.linkedin.com/feed/update/urn%3Ali%3Aarticle%3A7997521142089919796
2014-01-24 16:32:07,LIKE,https://www.linkedin.com/feed/update/urn%3Ali%3Aarticle%3A7714656614755589919
2014-01-24 16:31:58,LIKE,https://www.linkedin.com/feed/update/urn%3Ali%3Aarticle%3A8685018315645967748
2014-01-24 16:31:06,LIKE,https://www.linkedin.com/feed/update/urn%3Ali%3Aarticle%3A7248772594635313103
2014-01-24 16:30:38,LIKE,https://www.linkedin.com/feed/update/urn%3Ali%3Aarticle%3A8214302606950363413
2014-01-24 16:28:21,LIKE,https://www.linkedin.com/feed/update/urn%3Ali%3Aarticle%3A7026810225934942383
2014-01-24 16:28:12,LIKE,https://www.linkedin.com/feed/update/urn%3Ali%3Aarticle%3A7566832982941315034
2014-01-24 16:28:06,LIKE,https://www.linkedin.com/feed/update/urn%3Ali%3Aarticle%3A7281311004192770801
2014-01-24 16:28:04,LIKE,https://www.linkedin.com/feed/update/urn%3Ali%3Aarticle%3A8700504550887992130
2014-01-24 16:28:00,LIKE,https://www.linkedin.com/feed/update/urn%3Ali%3Aarticle%3A8499643774256190136
2014-01-24 16:27:55,LIKE,https://www.linkedin.com/feed/update/urn%3Ali%3Aarticle%3A6951693265238179095
2014-01-24 16:27:48,LIKE,https://www.linkedin.com/feed/update/urn%3Ali%3Aarticle%3A8396149190891656933
2014-01-24 16:27:42,LIKE,https://www.linkedin.com/feed/update/urn%3Ali%3Aarticle%3A6961702413371856459
2014-01-24 16:27:39,LIKE,https://www.linkedin.com/feed/update/urn%3Ali%3Aarticle%3A8347307717171794315
2014-01-24 16:27:37,LIKE,https://www.linkedin.com/feed/update/urn%3Ali%3Aarticle%3A9205408064018920255
2014-01-20 19:12:37,LIKE,https://www.linkedin.com/feed/update/urn%3Ali%3Aarticle%3A8894274636084682189
2014-01-20 19:11:04,LIKE,https://www.linkedin.com/feed/update/urn%3Ali%3Aarticle%3A5792801236960944168
2014-01-20 15:16:11,LIKE,https://www.linkedin.com/feed/update/urn%3Ali%3Aarticle%3A7069742273717345361
2014-01-07 16:17:10,LIKE,https://www.linkedin.com/feed/update/urn%3Ali%3Aactivity%3A5826349671110438912
2014-01-05 00:13:09,LIKE,https://www.linkedin.com/feed/update/urn%3Ali%3Aactivity%3A5825291357433913344
2014-01-04 20:09:54,LIKE,https://www.linkedin.com/feed/update/urn%3Ali%3Aactivity%3A5825325758448406528
2014-01-04 03:07:18,LIKE,https://www.linkedin.com/feed/update/urn%3Ali%3Aactivity%3A5825008097571139584
2013-10-18 23:26:30,LIKE,https://www.linkedin.com/feed/update/urn%3Ali%3Aactivity%3A5797096786749304832
2013-10-18 23:25:29,LIKE,https://www.linkedin.com/feed/update/urn%3Ali%3Aactivity%3A5797009993551073280
2013-10-13 12:30:30,LIKE,https://www.linkedin.com/feed/update/urn%3Ali%3Aactivity%3A5795057715864666112
2013-10-13 12:30:12,LIKE,https://www.linkedin.com/feed/update/urn%3Ali%3Aactivity%3A5795116937742651392
2013-10-13 12:30:07,LIKE,https://www.linkedin.com/feed/update/urn%3Ali%3Aactivity%3A5795097639406030848
2013-10-13 12:30:00,LIKE,https://www.linkedin.com/feed/update/urn%3Ali%3Aactivity%3A5795090604899696640
2013-10-13 12:29:55,LIKE,https://www.linkedin.com/feed/update/urn%3Ali%3Aactivity%3A5795121980009115648
2013-10-13 12:29:14,LIKE,https://www.linkedin.com/feed/update/urn%3Ali%3Aactivity%3A5795057171334983680
2013-10-02 14:16:58,LIKE,https://www.linkedin.com/feed/update/urn%3Ali%3Aactivity%3A5791168961626251264
2013-09-15 18:24:06,LIKE,https://www.linkedin.com/feed/update/urn%3Ali%3Aactivity%3A5785038492773928960
2013-09-15 18:24:05,LIKE,https://www.linkedin.com/feed/update/urn%3Ali%3Aactivity%3A5784967299798663168
2013-09-15 18:23:52,LIKE,https://www.linkedin.com/feed/update/urn%3Ali%3Aactivity%3A5784715964150980608
2013-09-15 18:23:36,LIKE,https://www.linkedin.com/feed/update/urn%3Ali%3Aactivity%3A5784822584583417856
2013-09-15 18:23:26,LIKE,https://www.linkedin.com/feed/update/urn%3Ali%3Aactivity%3A5784995099159064576
2013-09-15 18:23:25,LIKE,https://www.linkedin.com/feed/update/urn%3Ali%3Aactivity%3A5784951183693053952
2013-09-15 18:23:08,LIKE,https://www.linkedin.com/feed/update/urn%3Ali%3Aactivity%3A5785057786454884352
2013-09-15 18:22:57,LIKE,https://www.linkedin.com/feed/update/urn%3Ali%3Aactivity%3A5785040379652882432
2013-09-15 18:22:34,LIKE,https://www.linkedin.com/feed/update/urn%3Ali%3Aactivity%3A5784977707712380928
2013-09-15 18:22:31,LIKE,https://www.linkedin.com/feed/update/urn%3Ali%3Aactivity%3A5785009900916584448
2013-09-15 18:22:27,LIKE,https://www.linkedin.com/feed/update/urn%3Ali%3Aactivity%3A5785066382114697216
2013-09-15 18:20:04,LIKE,https://www.linkedin.com/feed/update/urn%3Ali%3Aactivity%3A5785051633008254976
2013-09-15 18:19:25,LIKE,https://www.linkedin.com/feed/update/urn%3Ali%3Aactivity%3A5785063666919436288
2013-09-15 18:19:24,LIKE,https://www.linkedin.com/feed/update/urn%3Ali%3Aactivity%3A5785012205334302720
2013-09-15 18:18:51,LIKE,https://www.linkedin.com/feed/update/urn%3Ali%3Aactivity%3A5785060418883956736
2013-09-15 18:18:37,LIKE,https://www.linkedin.com/feed/update/urn%3Ali%3Aactivity%3A5785044559171952640
2013-09-15 18:18:28,LIKE,https://www.linkedin.com/feed/update/urn%3Ali%3Aactivity%3A5785030565258346496
2013-09-15 18:18:02,LIKE,https://www.linkedin.com/feed/update/urn%3Ali%3Aactivity%3A5785028469645664256
2013-09-15 18:17:54,LIKE,https://www.linkedin.com/feed/update/urn%3Ali%3Aactivity%3A5785004398799224832
2013-09-15 18:17:50,LIKE,https://www.linkedin.com/feed/update/urn%3Ali%3Aactivity%3A5785073722675179520
2013-09-04 03:21:57,LIKE,https://www.linkedin.com/feed/update/urn%3Ali%3Aarticle%3A5780687783706247202
2013-08-29 13:18:03,LIKE,https://www.linkedin.com/feed/update/urn%3Ali%3Aactivity%3A5778576273236312064
2013-08-08 04:53:49,LIKE,https://www.linkedin.com/feed/update/urn%3Ali%3Aactivity%3A5771027398950666240
2013-08-08 04:53:32,LIKE,https://www.linkedin.com/feed/update/urn%3Ali%3Aactivity%3A5771043823455072256
2013-08-08 04:52:55,LIKE,https://www.linkedin.com/feed/update/urn%3Ali%3Aactivity%3A5771050812159557632
2013-08-08 04:51:19,LIKE,https://www.linkedin.com/feed/update/urn%3Ali%3Aactivity%3A5771058851340091392
2013-08-05 14:50:12,LIKE,https://www.linkedin.com/feed/update/urn%3Ali%3Aactivity%3A5770134683991953408
2013-08-05 14:49:58,LIKE,https://www.linkedin.com/feed/update/urn%3Ali%3Aactivity%3A5770154146250366976
2013-08-05 14:49:58,LIKE,https://www.linkedin.com/feed/update/urn%3Ali%3Aactivity%3A5770139576983113728
2013-08-05 14:49:18,LIKE,https://www.linkedin.com/feed/update/urn%3Ali%3Aactivity%3A5770142638447529984
2013-08-05 14:48:45,LIKE,https://www.linkedin.com/feed/update/urn%3Ali%3Aactivity%3A5770163143665799169
2013-08-03 03:00:01,LIKE,https://www.linkedin.com/feed/update/urn%3Ali%3Aactivity%3A5768809169616375808
2013-08-01 07:55:56,LIKE,https://www.linkedin.com/feed/update/urn%3Ali%3Aactivity%3A5768565173468004352
2013-08-01 07:55:05,LIKE,https://www.linkedin.com/feed/update/urn%3Ali%3AgroupPost%3A3734324-262426772
2013-08-01 07:55:05,LIKE,https://www.linkedin.com/feed/update/urn%3Ali%3Aactivity%3A5768598057776078848
2013-08-01 07:54:57,LIKE,https://www.linkedin.com/feed/update/urn%3Ali%3Aactivity%3A5768584083013656576
2013-08-01 07:54:37,LIKE,https://www.linkedin.com/feed/update/urn%3Ali%3Aactivity%3A5768602653776957440
2013-07-26 16:08:37,LIKE,https://www.linkedin.com/feed/update/urn%3Ali%3Aactivity%3A5766556791513030656
2013-07-26 16:06:38,LIKE,https://www.linkedin.com/feed/update/urn%3Ali%3Aactivity%3A5766558851126018048
2013-07-26 16:06:37,LIKE,https://www.linkedin.com/feed/update/urn%3Ali%3Aactivity%3A5766558837385482240
2013-07-26 16:06:29,LIKE,https://www.linkedin.com/feed/update/urn%3Ali%3Aactivity%3A5766558855819436032
2013-07-22 05:06:15,LIKE,https://www.linkedin.com/feed/update/urn%3Ali%3Aactivity%3A5764943016309567488
2013-07-22 05:00:54,LIKE,https://www.linkedin.com/feed/update/urn%3Ali%3Aactivity%3A5764914516928258048
2013-07-21 23:29:36,LIKE,https://www.linkedin.com/feed/update/urn%3Ali%3Aactivity%3A5764858363351420928
2013-07-11 19:56:55,LIKE,https://www.linkedin.com/feed/update/urn%3Ali%3Aactivity%3A5761104861005365248
2013-05-07 15:38:00,LIKE,https://www.linkedin.com/feed/update/urn%3Ali%3Aactivity%3A5737558622234222592
2013-05-07 15:37:52,LIKE,https://www.linkedin.com/feed/update/urn%3Ali%3Aactivity%3A5737559918605508608
2013-04-22 22:38:53,LIKE,https://www.linkedin.com/feed/update/urn%3Ali%3Aactivity%3A5731463853930213376
2013-02-28 15:13:35,LIKE,https://www.linkedin.com/feed/update/urn%3Ali%3AgroupPost%3A4680018-218247971
2013-01-30 22:57:43,LIKE,https://www.linkedin.com/feed/update/urn%3Ali%3AgroupPost%3A130337-206197503
2013-01-24 07:36:24,LIKE,https://www.linkedin.com/feed/update/urn%3Ali%3Aactivity%3A5699865230843068416
2012-11-17 19:56:52,LIKE,https://www.linkedin.com/feed/update/urn%3Ali%3AgroupPost%3A63979-186074731
2012-10-10 16:16:52,LIKE,https://www.linkedin.com/feed/update/urn%3Ali%3AgroupPost%3A86354-173637220
2012-10-09 20:52:39,LIKE,https://www.linkedin.com/feed/update/urn%3Ali%3Aactivity%3A5661445995309850624
2012-10-09 15:50:13,LIKE,https://www.linkedin.com/feed/update/urn%3Ali%3AgroupPost%3A2053393-172086283
2012-07-02 19:16:14,LIKE,https://www.linkedin.com/feed/update/urn%3Ali%3AgroupPost%3A1834604-128663349
2012-06-21 20:49:23,LIKE,https://www.linkedin.com/feed/update/urn%3Ali%3Aactivity%3A5616646619253448704
2012-04-26 23:51:14,LIKE,https://www.linkedin.com/feed/update/urn%3Ali%3Aactivity%3A5598163677531340800
